project_id,status,task_id,entered_at,days_waiting,arrived_from,triggered_by,entered_by,assigned_to,task_created_at,archived,pooled_at
sheets,decomp_review,4c77fbdb-8d12-4a84-b0db-a219bf7fe2a5,2026-08-31T14:25:00.426,1.2,generating_outline,00000000-0000-0000-0000-000000000000,,,2026-08-31T13:12:46.766548,false,2026-08-31T13:18:00.519
sheets,decomp_review,41fbe12c-7c20-463d-96e8-4ae8700d1c0d,2026-08-31T14:26:36.175,1.2,generating_outline,00000000-0000-0000-0000-000000000000,,,2026-08-30T20:33:55.148393,false,2026-08-31T13:48:05.176
sheets,decomp_review,69633abd-f051-404b-81ac-eff6a9593427,2026-08-31T14:28:24.715,1.2,generating_outline,00000000-0000-0000-0000-000000000000,,,2026-08-28T13:31:16.094215,false,2026-08-28T13:34:56.831
sheets,decomp_review,0535b002-6450-4613-910c-e40c32b5acdd,2026-08-31T15:02:23.184,1.2,generating_outline,00000000-0000-0000-0000-000000000000,,,2026-08-31T13:13:55.332739,false,2026-08-31T14:58:57.596
sheets,decomp_review,0e213187-02ef-4583-82fe-c76aa908191c,2026-08-31T15:02:52.482,1.2,generating_outline,00000000-0000-0000-0000-000000000000,,,2026-08-31T14:59:08.096411,false,2026-08-31T15:01:12.783
sheets,decomp_review,9fd66093-40f8-4f7f-9aed-9d9021a27272,2026-08-31T15:13:22.301,1.2,generating_outline,00000000-0000-0000-0000-000000000000,,,2026-08-30T23:21:08.330684,false,2026-08-31T15:10:10.161
sheets,decomp_review,db200501-bf69-430b-8d58-2650bdf4dae9,2026-08-31T15:15:56.792,1.2,generating_outline,00000000-0000-0000-0000-000000000000,,,2026-08-26T18:18:35.226501,false,2026-08-31T15:13:27.163
sheets,decomp_review,62d0dff1-ef18-40ae-879c-f7dd0fc7a67e,2026-08-31T15:17:37.499,1.2,generating_outline,00000000-0000-0000-0000-000000000000,,,2026-08-31T15:13:36.842004,false,2026-08-31T15:16:44.809
sheets,decomp_review,6ff6e25e-d1da-4234-842b-423959c16fba,2026-08-31T15:21:24.943,1.2,generating_outline,00000000-0000-0000-0000-000000000000,,,2026-08-31T03:04:47.768386,false,2026-08-31T15:13:30.417
sheets,decomp_review,c6c2c383-40f8-4b75-801f-980b1b4be5c1,2026-08-31T15:23:19.484,1.2,generating_outline,00000000-0000-0000-0000-000000000000,,,2026-08-31T14:32:10.815386,false,2026-08-31T15:22:05.897
sheets,decomp_review,552a9578-aaf8-453b-8f58-e85a1ed40315,2026-08-31T15:23:58.41,1.2,generating_outline,00000000-0000-0000-0000-000000000000,,,2026-08-31T15:16:54.253267,false,2026-08-31T15:21:11.16
sheets,decomp_review,f776f992-cd34-452b-adfe-e65148c3c247,2026-08-31T15:24:08.107,1.2,generating_outline,00000000-0000-0000-0000-000000000000,,,2026-08-31T15:22:11.232127,false,2026-08-31T15:23:11.119
sheets,decomp_review,fc7eba84-31fd-4c8b-a365-8693c04e3e87,2026-08-31T15:24:25.6,1.2,generating_outline,00000000-0000-0000-0000-000000000000,,,2026-08-31T15:10:25.586726,false,2026-08-31T15:20:07.978
sheets,decomp_review,e8ad8af9-0dc2-4a47-915d-69799551aad9,2026-08-31T15:25:11.451,1.2,generating_outline,00000000-0000-0000-0000-000000000000,,,2026-08-31T15:23:15.982962,false,2026-08-31T15:24:09.044
sheets,decomp_review,443385cc-42c6-486b-ac8e-fd8724d99160,2026-08-31T15:41:59.946,1.2,generating_outline,00000000-0000-0000-0000-000000000000,,,2026-08-31T15:21:17.358512,false,2026-08-31T15:41:03.925
sheets,decomp_review,1998a617-9037-46d2-912b-adfdb4441444,2026-08-31T15:48:21.605,1.2,generating_outline,00000000-0000-0000-0000-000000000000,,,2026-08-31T15:20:24.064299,false,2026-08-31T15:47:13.786
sheets,decomp_review,2378305a-efeb-401d-9a38-bc0796d63e1f,2026-08-31T15:49:53.565,1.2,generating_outline,00000000-0000-0000-0000-000000000000,,,2026-08-31T15:41:13.019971,false,2026-08-31T15:46:40.439
sheets,decomp_review,ea65206a-730f-457c-91e4-242be3e33b4d,2026-08-31T15:58:19.46,1.2,generating_outline,00000000-0000-0000-0000-000000000000,,,2026-08-31T15:47:26.331144,false,2026-08-31T15:54:39.218
sheets,decomp_review,5961c436-e583-4000-ad25-cc8e11a634ae,2026-08-31T16:23:56.84,1.2,generating_outline,00000000-0000-0000-0000-000000000000,,,2026-08-30T23:00:04.48786,false,2026-08-31T16:18:33.019
sheets,decomp_review,02b708e2-3b43-4586-b10c-183b77a37107,2026-08-31T16:31:51.473,1.2,generating_outline,00000000-0000-0000-0000-000000000000,,,2026-08-31T16:18:46.492182,false,2026-08-31T16:26:53.043
sheets,decomp_review,f5133322-4c38-46e9-af41-5f0db8f28335,2026-08-31T16:40:31.001,1.1,generating_outline,00000000-0000-0000-0000-000000000000,,,2026-08-31T15:00:40.764062,false,2026-08-31T16:38:35.842
sheets,decomp_review,fc46c1c0-4441-49a1-a1cf-aca50dd60c10,2026-08-31T16:43:53.133,1.1,generating_outline,00000000-0000-0000-0000-000000000000,,,2026-08-31T16:38:52.561876,false,2026-08-31T16:40:38.796
sheets,decomp_review,cf052c64-e482-4c9c-963f-951bf025d47d,2026-08-31T16:45:27.707,1.1,generating_outline,00000000-0000-0000-0000-000000000000,,,2026-08-31T16:40:54.173104,false,2026-08-31T16:42:42.959
sheets,decomp_review,caac96ee-ee52-4cfa-938b-72f6aed47093,2026-08-31T16:45:30.597,1.1,generating_outline,00000000-0000-0000-0000-000000000000,,,2026-08-31T16:27:09.14898,false,2026-08-31T16:36:47.708
sheets,decomp_review,4073b29f-25e1-4432-8bf5-0b7c4be497db,2026-08-31T16:46:14.343,1.1,generating_outline,00000000-0000-0000-0000-000000000000,,,2026-08-31T15:53:28.516213,false,2026-08-31T16:45:06.393
sheets,decomp_review,9060244e-a67d-4e4c-addd-aa8192912d7f,2026-08-31T16:46:20.249,1.1,generating_outline,00000000-0000-0000-0000-000000000000,,,2026-08-31T16:42:59.981756,false,2026-08-31T16:44:12.444
sheets,decomp_review,c1dd2cc7-184f-4b77-8465-04cb7bd5230e,2026-08-31T16:49:06.92,1.1,generating_outline,00000000-0000-0000-0000-000000000000,,,2026-08-31T16:44:28.920774,false,2026-08-31T16:45:30.771
sheets,decomp_review,7ba83d83-518a-4836-aea8-a66be5521bbe,2026-08-31T16:49:14.372,1.1,generating_outline,00000000-0000-0000-0000-000000000000,,,2026-08-31T16:45:42.605278,false,2026-08-31T16:46:56.184
sheets,decomp_review,c4ba7c97-5f2e-4e3e-8f63-3d68539868bc,2026-08-31T17:21:23.178,1.1,generating_outline,00000000-0000-0000-0000-000000000000,,,2026-08-31T00:29:58.670889,false,2026-08-31T17:19:32.058
sheets,decomp_review,8c19520c-b2d2-449b-a1f8-b426e81df053,2026-08-31T17:27:17.984,1.1,generating_outline,00000000-0000-0000-0000-000000000000,,,2026-08-31T16:37:04.199,false,2026-08-31T17:25:25.416
sheets,decomp_review,f30a8ecf-df4e-4f03-8714-f7ae455f7d4a,2026-08-31T17:31:22.935,1.1,generating_outline,00000000-0000-0000-0000-000000000000,,,2026-08-31T17:19:41.52822,false,2026-08-31T17:29:03.48
sheets,decomp_review,c6881e77-6ce5-48a3-8cde-8879e2cc4f54,2026-08-31T17:39:20.259,1.1,generating_outline,00000000-0000-0000-0000-000000000000,,,2026-08-31T17:29:12.073621,false,2026-08-31T17:37:35.477
sheets,decomp_review,c711c7e1-2fdf-4a32-a2f9-2d218ea18939,2026-08-31T17:41:55.605,1.1,generating_outline,00000000-0000-0000-0000-000000000000,,,2026-08-31T17:37:44.666861,false,2026-08-31T17:39:38.216
sheets,decomp_review,8776c673-873b-40ca-964f-ab6002356f85,2026-08-31T17:43:43.423,1.1,generating_outline,00000000-0000-0000-0000-000000000000,,,2026-08-31T17:39:46.171117,false,2026-08-31T17:41:42.081
sheets,decomp_review,1ebee744-f319-46bc-bf8b-ffe51f25b37e,2026-08-31T17:49:33.46,1.1,generating_outline,00000000-0000-0000-0000-000000000000,,,2026-08-31T17:41:51.191981,false,2026-08-31T17:46:47.467
sheets,decomp_review,dff030df-30ea-42d7-9d08-e866a74bf3a8,2026-08-31T18:04:29.135,1.1,generating_outline,00000000-0000-0000-0000-000000000000,,,2026-08-31T17:46:56.338726,false,2026-08-31T18:00:15.516
sheets,decomp_review,25f20ed8-ac73-48a4-898f-c5d6ef6a6245,2026-08-31T18:18:46.788,1.1,generating_outline,00000000-0000-0000-0000-000000000000,,,2026-08-31T17:25:39.316182,false,2026-08-31T18:11:07.403
sheets,decomp_review,ddeaff1e-2f87-4a14-8e0f-02f41107900d,2026-08-31T18:25:43.967,1.1,generating_outline,00000000-0000-0000-0000-000000000000,,,2026-08-31T16:45:14.006489,false,2026-08-31T18:20:59.496
sheets,decomp_review,8735bfff-0033-409a-acf4-45a6181fe67a,2026-08-31T18:27:08.338,1.1,generating_outline,00000000-0000-0000-0000-000000000000,,,2026-08-30T22:06:14.530286,false,2026-08-31T18:25:10.714
sheets,decomp_review,d1def115-04e5-4845-9c8b-1dd0e1d1b70b,2026-08-31T18:29:01.011,1.1,generating_outline,00000000-0000-0000-0000-000000000000,,,2026-08-31T18:25:20.4169,false,2026-08-31T18:26:41.319
sheets,decomp_review,4fc78b5f-2d41-4d53-a7e3-96c2845e00ae,2026-08-31T18:29:29.374,1.1,generating_outline,00000000-0000-0000-0000-000000000000,,,2026-08-31T18:21:12.925934,false,2026-08-31T18:26:27.417
sheets,decomp_review,bb0c800d-c724-462f-a75b-e0e50d48b671,2026-08-31T18:35:53.498,1.1,generating_outline,00000000-0000-0000-0000-000000000000,,,2026-08-31T18:11:20.01738,false,2026-08-31T18:32:15.006
sheets,decomp_review,15a0ebf7-8354-4e97-bdfd-764a03bef9ee,2026-08-31T18:37:10.541,1.1,generating_outline,00000000-0000-0000-0000-000000000000,,,2026-08-31T18:26:35.805649,false,2026-08-31T18:35:18.209
sheets,decomp_review,b0d08194-bdcd-46b2-b1a4-fe6f678bf020,2026-08-31T18:53:02.402,1.1,generating_outline,00000000-0000-0000-0000-000000000000,,,2026-08-31T18:32:28.31186,false,2026-08-31T18:48:53.065
sheets,decomp_review,a9e4edde-37ec-4166-a504-269dfdbdf342,2026-08-31T19:01:42.032,1.1,generating_outline,00000000-0000-0000-0000-000000000000,,,2026-08-29T19:31:09.314536,false,2026-08-31T19:00:15.201
sheets,decomp_review,3d566beb-4086-4248-862e-782012ec0e06,2026-08-31T19:04:40.436,1.0,generating_outline,00000000-0000-0000-0000-000000000000,,,2026-08-31T19:00:28.210789,false,2026-08-31T19:01:11.012
sheets,decomp_review,f3244a01-4e38-47df-aef9-bb807df375c1,2026-08-31T19:09:21.106,1.0,generating_outline,00000000-0000-0000-0000-000000000000,,,2026-08-31T02:01:55.84078,false,2026-08-31T19:07:05.443
sheets,decomp_review,5a1f3794-1251-431a-b97d-4cf2107ffed8,2026-08-31T19:13:36.389,1.0,generating_outline,00000000-0000-0000-0000-000000000000,,,2026-08-31T19:07:18.705021,false,2026-08-31T19:11:47.727
sheets,decomp_review,c8122ae2-572f-4c4c-896b-92a0c59ab6e5,2026-08-31T19:26:17.663,1.0,generating_outline,00000000-0000-0000-0000-000000000000,,,2026-08-31T19:11:57.125364,false,2026-08-31T19:24:17.597
sheets,decomp_review,34e65e0e-a8c3-49d3-b33d-5b1cb16a1fae,2026-08-31T20:07:03.183,1.0,generating_outline,00000000-0000-0000-0000-000000000000,,,2026-08-29T19:54:06.317706,false,2026-08-31T20:05:24.734
sheets,decomp_review,43f5fc8c-cdb2-432f-a1c7-614167e8aec4,2026-08-31T20:09:46.572,1.0,generating_outline,00000000-0000-0000-0000-000000000000,,,2026-08-31T17:16:24.190994,false,2026-08-31T20:05:22.415
sheets,decomp_review,2f25a60b-e00e-4212-98db-dc7239e39280,2026-08-31T20:11:14.453,1.0,generating_outline,00000000-0000-0000-0000-000000000000,,,2026-08-31T20:05:33.52244,false,2026-08-31T20:09:28.951
sheets,decomp_review,8bc7720c-9f6b-4947-a582-a991605a030e,2026-08-31T20:12:08.484,1.0,generating_outline,00000000-0000-0000-0000-000000000000,,,2026-08-31T20:09:36.212471,false,2026-08-31T20:09:56.3
sheets,decomp_review,fa5950c9-4c71-4406-83bf-8fd81fc6ff67,2026-08-31T20:15:18.303,1.0,generating_outline,00000000-0000-0000-0000-000000000000,,,2026-08-31T01:27:16.62608,false,2026-08-31T20:12:35.009
sheets,decomp_review,c03d377d-ff0c-4ede-bb05-58ab70cef912,2026-08-31T20:31:17.363,1.0,generating_outline,00000000-0000-0000-0000-000000000000,,,2026-08-31T20:12:51.333797,false,2026-08-31T20:28:41.464
sheets,decomp_review,d243f0c2-082c-447e-90ef-de76d6930e9b,2026-08-31T20:36:02.842,1.0,generating_outline,00000000-0000-0000-0000-000000000000,,,2026-08-31T20:29:08.334167,false,2026-08-31T20:32:49.262
sheets,decomp_review,9414bc28-d667-4ddb-9b72-9f553cc5406d,2026-08-31T20:39:25.65,1.0,generating_outline,00000000-0000-0000-0000-000000000000,,,2026-08-31T20:33:04.516646,false,2026-08-31T20:35:37.72
sheets,decomp_review,9de6b42d-f8d5-42b9-b2ca-1ed8da989b18,2026-08-31T20:47:06.2,1.0,generating_outline,00000000-0000-0000-0000-000000000000,,,2026-08-28T01:16:46.44272,false,2026-08-31T20:44:29.454
sheets,decomp_review,eb71af81-a941-4846-8f5e-d306e9148e4a,2026-08-31T20:52:03.396,1.0,generating_outline,00000000-0000-0000-0000-000000000000,,,2026-08-31T20:44:38.338552,false,2026-08-31T20:47:13.643
sheets,decomp_review,be60edee-ddba-4ea2-8197-742d892e0bb5,2026-08-31T21:11:10.646,1.0,generating_outline,00000000-0000-0000-0000-000000000000,,,2026-08-28T02:15:49.110903,false,2026-08-31T21:09:14.509
sheets,decomp_review,79036bd8-09a6-44ef-a84d-8985ace5476e,2026-08-31T21:12:32.204,1.0,generating_outline,00000000-0000-0000-0000-000000000000,,,2026-08-31T21:09:21.439488,false,2026-08-31T21:11:06.411
sheets,decomp_review,e1e788eb-4aee-46ae-a4c8-8c271696c327,2026-08-31T21:30:57.821,0.9,generating_outline,00000000-0000-0000-0000-000000000000,,,2026-08-31T20:35:52.893325,false,2026-08-31T21:28:14.115
sheets,decomp_review,04cb21d3-1a9f-43e9-8aa8-ebc2bd8a5af3,2026-08-31T21:43:52.867,0.9,generating_outline,00000000-0000-0000-0000-000000000000,,,2026-08-31T02:11:03.464883,false,2026-08-31T21:41:29.248
sheets,decomp_review,d689b174-e123-4eef-991c-43df47982113,2026-08-31T21:45:12.144,0.9,generating_outline,00000000-0000-0000-0000-000000000000,,,2026-08-31T21:28:29.292206,false,2026-08-31T21:32:55.371
sheets,decomp_review,a931e10b-a2ce-4ebd-bc61-4ed0a6c48107,2026-08-31T21:46:20.885,0.9,generating_outline,00000000-0000-0000-0000-000000000000,,,2026-08-31T21:41:39.832937,false,2026-08-31T21:44:26.59
sheets,decomp_review,186f9114-b319-4a06-991a-b6730fe9e23c,2026-08-31T21:50:25.141,0.9,generating_outline,00000000-0000-0000-0000-000000000000,,,2026-08-31T21:44:35.482558,false,2026-08-31T21:48:11.068
sheets,decomp_review,5da033e5-0b26-4526-afaf-8e71e57612a4,2026-08-31T21:53:20.205,0.9,generating_outline,00000000-0000-0000-0000-000000000000,,,2026-08-31T21:48:21.378751,false,2026-08-31T21:52:08.662
sheets,decomp_review,4481ca73-a949-499a-8fe7-a4c37b155beb,2026-08-31T21:56:21.517,0.9,generating_outline,00000000-0000-0000-0000-000000000000,,,2026-08-31T21:52:19.035444,false,2026-08-31T21:53:57.088
sheets,decomp_review,ea977dc5-bce1-4021-9743-ac686da63fef,2026-08-31T22:01:17.248,0.9,generating_outline,00000000-0000-0000-0000-000000000000,,,2026-08-31T02:49:08.511044,false,2026-08-31T21:58:56.361
sheets,decomp_review,7d188dd8-5faf-4ca6-9d49-e998259f65fa,2026-08-31T22:31:50.066,0.9,generating_outline,00000000-0000-0000-0000-000000000000,,,2026-08-31T21:59:04.542729,false,2026-08-31T22:29:14.816
sheets,decomp_review,29ea5ad8-04b1-4dc4-8220-ae9df37ae12d,2026-08-31T22:34:52.294,0.9,generating_outline,00000000-0000-0000-0000-000000000000,,,2026-08-31T22:29:22.204015,false,2026-08-31T22:33:21.053
sheets,decomp_review,4f8441c6-a6c9-4298-8350-b072f2aa669e,2026-08-31T22:50:44.537,0.9,generating_outline,00000000-0000-0000-0000-000000000000,,,2026-08-31T18:35:32.734453,false,2026-08-31T22:45:51.276
sheets,decomp_review,fccbf3e9-e773-48e7-a40d-1e9c20fd0016,2026-08-31T22:52:15.615,0.9,generating_outline,00000000-0000-0000-0000-000000000000,,,2026-08-30T01:09:48.048156,false,2026-08-31T22:49:50.277
sheets,decomp_review,117d95e7-3009-4f4d-b98b-1cbf70b752e4,2026-08-31T22:52:36.629,0.9,generating_outline,00000000-0000-0000-0000-000000000000,,,2026-08-31T22:50:01.487634,false,2026-08-31T22:50:50.375
sheets,decomp_review,85395a85-46e5-4b11-84c8-6ca4c9834d8d,2026-08-31T22:54:12.306,0.9,generating_outline,00000000-0000-0000-0000-000000000000,,,2026-08-31T22:50:55.341367,false,2026-08-31T22:51:25.956
sheets,decomp_review,5e62a2fe-799d-4409-8d1a-ddd710f97680,2026-08-31T22:55:14.683,0.9,generating_outline,00000000-0000-0000-0000-000000000000,,,2026-08-31T22:51:31.181245,false,2026-08-31T22:52:29.758
sheets,decomp_review,8c74f458-c3aa-4bf4-a473-a77f9bb0ab62,2026-08-31T22:58:00.233,0.9,generating_outline,00000000-0000-0000-0000-000000000000,,,2026-08-31T22:52:34.924084,false,2026-08-31T22:56:25.662
sheets,decomp_review,1d7aca1e-1710-4589-9f9c-f366585ddcdf,2026-08-31T22:58:52.289,0.9,generating_outline,00000000-0000-0000-0000-000000000000,,,2026-08-31T22:56:32.357856,false,2026-08-31T22:57:04.35
sheets,decomp_review,45b5d0e5-d84a-4f38-95c4-41478030285c,2026-08-31T23:03:18.576,0.9,generating_outline,00000000-0000-0000-0000-000000000000,,,2026-08-31T22:33:29.146333,false,2026-08-31T23:00:56.927
sheets,decomp_review,dca7a57c-9276-4ddb-ac76-3f6e6a8bc4ba,2026-08-31T23:08:35.491,0.9,generating_outline,00000000-0000-0000-0000-000000000000,,,2026-08-31T22:46:03.319576,false,2026-08-31T23:01:36.442
sheets,decomp_review,ee944e4c-94c7-4fe0-961f-ace7bf09423a,2026-08-31T23:09:52.666,0.9,generating_outline,00000000-0000-0000-0000-000000000000,,,2026-08-31T23:01:05.468248,false,2026-08-31T23:07:31.125
sheets,decomp_review,a61d7179-bc1c-4f48-8ca0-b3a0dda193be,2026-09-01T00:55:37.848,0.8,generating_outline,00000000-0000-0000-0000-000000000000,,,2026-08-31T00:49:12.626577,false,2026-09-01T00:49:15.012
sheets,decomp_review,736eee45-77e4-4ad4-a466-ebdf19a0f48c,2026-09-01T01:02:16.151,0.8,generating_outline,00000000-0000-0000-0000-000000000000,,,2026-09-01T00:49:42.988774,false,2026-09-01T00:57:39.062
sheets,decomp_review,41623d94-eb84-4c0a-ae02-564f6035ae8a,2026-09-01T01:18:35.984,0.8,generating_outline,00000000-0000-0000-0000-000000000000,,,2026-09-01T00:58:07.803353,false,2026-09-01T01:06:07.384
sheets,decomp_review,78d79a0f-f8bb-4ff1-b68e-cc807c1b7a7d,2026-09-01T01:24:28.465,0.8,generating_outline,00000000-0000-0000-0000-000000000000,,,2026-09-01T01:06:31.238226,false,2026-09-01T01:16:43.452
sheets,decomp_review,6a31480b-075d-4854-bfb0-6598b665fd45,2026-09-01T01:40:44.301,0.8,generating_outline,00000000-0000-0000-0000-000000000000,,,2026-09-01T01:17:06.074666,false,2026-09-01T01:32:17.189
sheets,decomp_review,a61329be-db9b-4b32-ba08-3ca3b1093191,2026-09-01T01:47:48.048,0.8,generating_outline,00000000-0000-0000-0000-000000000000,,,2026-09-01T01:32:43.646278,false,2026-09-01T01:40:59.979
sheets,decomp_review,7b9f45df-a40a-42a3-afbd-d9992d212e8a,2026-09-01T01:54:35.513,0.8,generating_outline,00000000-0000-0000-0000-000000000000,,,2026-09-01T01:41:21.586049,false,2026-09-01T01:45:15.354
sheets,decomp_review,e9e97145-24b5-48a3-a07e-6dd14f01245c,2026-09-01T06:06:38.46,0.6,generating_outline,00000000-0000-0000-0000-000000000000,,,2026-08-29T11:50:32.210238,false,2026-09-01T06:04:48.465
sheets,decomp_review,92b20cff-2188-474c-b966-e33ada1437ee,2026-09-01T06:07:24.147,0.6,generating_outline,00000000-0000-0000-0000-000000000000,,,2026-08-29T12:06:08.556427,false,2026-09-01T06:06:57.023
sheets,decomp_review,90b86cf2-0aef-4ffe-8f02-f889c2447368,2026-09-01T06:07:52.489,0.6,generating_outline,00000000-0000-0000-0000-000000000000,,,2026-08-29T11:56:03.31507,false,2026-09-01T06:05:54.143
sheets,decomp_review,e7ad7081-e481-4e6d-a244-be09a3a967e7,2026-09-01T06:08:16.028,0.6,generating_outline,00000000-0000-0000-0000-000000000000,,,2026-09-01T06:05:59.956846,false,2026-09-01T06:06:29.108
sheets,decomp_review,cdd347b0-0823-46ea-9871-f165be09a06e,2026-09-01T06:10:39.52,0.6,generating_outline,00000000-0000-0000-0000-000000000000,,,2026-08-29T12:26:24.138399,false,2026-09-01T06:07:55.035
sheets,decomp_review,59393fd4-15ba-456b-9042-d853065d4c20,2026-09-01T06:14:57.688,0.6,generating_outline,00000000-0000-0000-0000-000000000000,,,2026-09-01T06:10:15.539355,false,2026-09-01T06:10:42.747
sheets,decomp_review,072939b3-f093-4fbf-a193-8f3ad7461ecf,2026-09-01T06:15:13.222,0.6,generating_outline,00000000-0000-0000-0000-000000000000,,,2026-09-01T06:10:51.810245,false,2026-09-01T06:11:24.038
sheets,decomp_review,490ad180-4522-4f9b-b4b9-d3883264b29b,2026-09-01T06:15:16.715,0.6,generating_outline,00000000-0000-0000-0000-000000000000,,,2026-08-31T12:50:22.975002,false,2026-09-01T06:13:25.684
sheets,decomp_review,72815287-8ad4-4681-9886-405a6b7b4685,2026-09-01T06:15:35.795,0.6,generating_outline,00000000-0000-0000-0000-000000000000,,,2026-09-01T06:11:33.387905,false,2026-09-01T06:12:10.928
sheets,decomp_review,14e47c1b-8d63-4f38-9b17-d33268e6cad9,2026-09-01T06:16:00.325,0.6,generating_outline,00000000-0000-0000-0000-000000000000,,,2026-09-01T06:13:32.160886,false,2026-09-01T06:13:59.993
sheets,decomp_review,2aa8b1c2-7521-454e-b4c7-09e00b142087,2026-09-01T06:16:12.992,0.6,generating_outline,00000000-0000-0000-0000-000000000000,,,2026-09-01T06:12:19.591015,false,2026-09-01T06:12:45.619
sheets,decomp_review,a1a80071-895a-4e18-80ca-106f73e272c5,2026-09-01T06:17:40.966,0.6,generating_outline,00000000-0000-0000-0000-000000000000,,,2026-09-01T06:14:06.077971,false,2026-09-01T06:14:33.512
sheets,decomp_review,b870b699-5e43-4301-a4d6-0702d055b31c,2026-09-01T10:01:32.639,0.4,generating_outline,00000000-0000-0000-0000-000000000000,,,2026-09-01T09:45:28.87222,false,2026-09-01T09:52:17.629
sheets,decomp_review,b76db193-b1ab-4837-896f-5798f5722239,2026-09-01T10:18:10.608,0.4,generating_outline,00000000-0000-0000-0000-000000000000,,,2026-09-01T10:03:28.078071,false,2026-09-01T10:14:08.99
sheets,decomp_review,d30ebc47-41f2-4bb5-9baf-b85d50c5b2dd,2026-09-01T10:24:07.785,0.4,generating_outline,00000000-0000-0000-0000-000000000000,,,2026-09-01T09:53:11.593709,false,2026-09-01T10:02:41.794
sheets,decomp_review,906892cf-1049-4c2d-99ef-404e461c776f,2026-09-01T10:40:28.594,0.4,generating_outline,00000000-0000-0000-0000-000000000000,,,2026-09-01T10:14:56.61787,false,2026-09-01T10:23:18.375
sheets,decomp_review,c02a0444-8574-487f-a8e2-1579e9668891,2026-09-01T10:56:35.743,0.4,generating_outline,00000000-0000-0000-0000-000000000000,,,2026-08-31T11:27:28.202776,false,2026-09-01T10:55:15.729
sheets,decomp_review,d73b8b79-d867-4f0b-a60d-d2f8e4c2e15d,2026-09-01T10:57:54.211,0.4,generating_outline,00000000-0000-0000-0000-000000000000,,,2026-09-01T10:55:23.869748,false,2026-09-01T10:56:02.33
sheets,decomp_review,fc6ded3e-6ae8-444f-976e-1c297aa1d1db,2026-09-01T11:08:45.218,0.4,generating_outline,00000000-0000-0000-0000-000000000000,,,2026-09-01T10:56:07.406527,false,2026-09-01T10:56:39.802
sheets,decomp_review,4312b7a6-a8b4-45c6-9603-1ebae8181768,2026-09-01T12:10:09.209,0.3,generating_outline,00000000-0000-0000-0000-000000000000,,,2026-08-31T02:38:13.940067,false,2026-09-01T12:04:55.416
sheets,decomp_review,601a6f42-8d27-4ec6-91d8-628d1df05c37,2026-09-01T12:13:28.597,0.3,generating_outline,00000000-0000-0000-0000-000000000000,,,2026-09-01T12:05:08.276324,false,2026-09-01T12:09:40.903
sheets,decomp_review,706161cd-d178-4574-89c7-4ff28401c020,2026-09-01T12:16:40.445,0.3,generating_outline,00000000-0000-0000-0000-000000000000,,,2026-09-01T12:09:52.317171,false,2026-09-01T12:12:56.789
sheets,decomp_review,2684df5d-9391-4120-8343-5b092985b523,2026-09-01T12:20:22.552,0.3,generating_outline,00000000-0000-0000-0000-000000000000,,,2026-08-31T13:20:04.587768,false,2026-09-01T12:18:36.003
sheets,decomp_review,ffc15df8-62c9-4395-b58f-19fb5a4902b7,2026-09-01T12:29:37.569,0.3,generating_outline,00000000-0000-0000-0000-000000000000,,,2026-09-01T12:13:07.77948,false,2026-09-01T12:25:48.384
sheets,decomp_review,392cbf0f-07f5-4eac-b591-5bbdfbd85748,2026-09-01T13:01:57.273,0.3,generating_outline,00000000-0000-0000-0000-000000000000,,,2026-09-01T12:26:00.21272,false,2026-09-01T12:57:53.98
sheets,decomp_review,17a8458f-4e1f-42c1-abbc-bf6e8d9f7b17,2026-09-01T13:14:45.979,0.3,generating_outline,00000000-0000-0000-0000-000000000000,,,2026-08-27T01:43:55.283982,false,2026-09-01T13:12:51.092
sheets,decomp_review,25613ef5-50aa-4ab2-b49a-4ea4b4dc519a,2026-09-01T13:26:45.137,0.3,generating_outline,00000000-0000-0000-0000-000000000000,,,2026-09-01T12:58:03.382554,false,2026-09-01T13:25:16.034
sheets,decomp_review,56bd2c85-6c18-42ce-ba8d-7dec97cd2ba9,2026-09-01T13:28:57.054,0.3,generating_outline,00000000-0000-0000-0000-000000000000,,,2026-08-28T02:24:21.674899,false,2026-09-01T13:25:38.981
sheets,decomp_review,a17dd78f-8244-4bc5-ab45-c313b7d78090,2026-09-01T13:32:34.861,0.3,generating_outline,00000000-0000-0000-0000-000000000000,,,2026-09-01T13:25:48.309123,false,2026-09-01T13:27:50.541
sheets,decomp_review,d468c4ab-a54d-46df-90ae-8932a3ce74e7,2026-09-01T14:26:47.407,0.2,generating_outline,00000000-0000-0000-0000-000000000000,,,2026-09-01T13:25:29.287569,false,2026-09-01T14:23:17.736
sheets,decomp_review,018939a8-5f2a-46e7-9f5b-309a20147f37,2026-09-01T14:31:40.823,0.2,generating_outline,00000000-0000-0000-0000-000000000000,,,2026-08-31T13:25:34.991474,false,2026-09-01T14:30:25.305
sheets,decomp_review,40827f51-9058-4a34-aa53-cffedf1af118,2026-09-01T14:37:46.667,0.2,generating_outline,00000000-0000-0000-0000-000000000000,,,2026-09-01T14:30:32.669822,false,2026-09-01T14:36:31.494
sheets,decomp_review,ce3adf8a-a904-4ad8-9142-45904478d50b,2026-09-01T14:38:59.21,0.2,generating_outline,00000000-0000-0000-0000-000000000000,,,2026-08-30T22:01:15.902853,false,2026-09-01T14:34:27.584
sheets,decomp_review,1ee838f2-3e3f-4655-8830-84e38e81302c,2026-09-01T14:43:40.403,0.2,generating_outline,00000000-0000-0000-0000-000000000000,,,2026-09-01T14:34:38.516632,false,2026-09-01T14:39:36.474
sheets,decomp_review,2eac6da2-9e56-44ba-8a41-74e966254a0f,2026-09-01T14:47:23.395,0.2,generating_outline,00000000-0000-0000-0000-000000000000,,,2026-08-31T15:39:55.181467,false,2026-09-01T14:45:07.954
sheets,decomp_review,d83a88dd-0b7b-4448-8527-2944685a392a,2026-09-01T14:53:01.377,0.2,generating_outline,00000000-0000-0000-0000-000000000000,,,2026-09-01T14:45:25.275807,false,2026-09-01T14:48:03.479
sheets,decomp_review,efeb10eb-4ebf-45aa-908d-20b66499047d,2026-09-01T14:53:30.154,0.2,generating_outline,00000000-0000-0000-0000-000000000000,,,2026-09-01T14:39:49.0677,false,2026-09-01T14:45:18.319
sheets,decomp_review,ae1f0d20-d707-486c-ab48-505dc7e96a11,2026-09-01T14:56:22.674,0.2,generating_outline,00000000-0000-0000-0000-000000000000,,,2026-09-01T14:48:11.423243,false,2026-09-01T14:49:59.278
sheets,decomp_review,3d458c2a-cfe5-4a22-9f35-1c48780f5a38,2026-09-01T14:57:47.884,0.2,generating_outline,00000000-0000-0000-0000-000000000000,,,2026-08-31T13:35:13.379173,false,2026-09-01T14:56:33.319
sheets,decomp_review,f7e83778-a8c1-4c8a-a43a-f2c40548cdf6,2026-09-01T14:59:03.132,0.2,generating_outline,00000000-0000-0000-0000-000000000000,,,2026-09-01T14:45:21.69168,false,2026-09-01T14:55:48.357
sheets,decomp_review,40242b05-fcaa-4e15-b491-55db2e3fa7b6,2026-09-01T15:02:57.147,0.2,generating_outline,00000000-0000-0000-0000-000000000000,,,2026-09-01T14:58:10.694211,false,2026-09-01T15:00:23.173
sheets,decomp_review,7b4c773f-02c0-42cf-a37b-04b6773b86c0,2026-09-01T15:06:54.879,0.2,generating_outline,00000000-0000-0000-0000-000000000000,,,2026-09-01T15:02:57.090077,false,2026-09-01T15:05:48.193
sheets,decomp_review,9f656c96-9ce4-44ad-b96a-18b953565b82,2026-09-01T15:07:15.171,0.2,generating_outline,00000000-0000-0000-0000-000000000000,,,2026-09-01T14:56:42.824582,false,2026-09-01T15:02:44.184
sheets,decomp_review,95606585-8665-475b-ac9c-eb5fae04a8f6,2026-09-01T15:12:44.223,0.2,generating_outline,00000000-0000-0000-0000-000000000000,,,2026-09-01T15:00:40.765048,false,2026-09-01T15:10:10.877
sheets,decomp_review,c4ed90cb-4e82-408b-82fa-f52a782f72d3,2026-09-01T15:14:35.445,0.2,generating_outline,00000000-0000-0000-0000-000000000000,,,2026-09-01T15:06:01.182157,false,2026-09-01T15:13:28.431
sheets,decomp_review,0e3f0394-b3e2-4e6c-836e-704eff6c48e2,2026-09-01T15:19:06.911,0.2,generating_outline,00000000-0000-0000-0000-000000000000,,,2026-09-01T15:15:52.835192,false,2026-09-01T15:17:49.218
sheets,decomp_review,953ced4a-3aec-409f-85e0-4eff1c5175ae,2026-09-01T15:19:08.064,0.2,generating_outline,00000000-0000-0000-0000-000000000000,,,2026-08-31T16:05:30.744953,false,2026-09-01T15:15:42.344
sheets,decomp_review,1ef09f14-3119-434f-b561-884e196c6caa,2026-09-01T15:20:11.768,0.2,generating_outline,00000000-0000-0000-0000-000000000000,,,2026-09-01T15:18:02.256883,false,2026-09-01T15:18:55.517
sheets,decomp_review,21d534e3-8c09-46e5-8a5d-b5c55c8522a2,2026-09-01T15:20:22.691,0.2,generating_outline,00000000-0000-0000-0000-000000000000,,,2026-09-01T15:13:43.759532,false,2026-09-01T15:19:30.555
sheets,decomp_review,f4082805-7223-4d01-b505-17c98552daf0,2026-09-01T15:20:53.394,0.2,generating_outline,00000000-0000-0000-0000-000000000000,,,2026-08-31T14:00:14.046887,false,2026-09-01T15:15:52.793
sheets,decomp_review,6e35100e-bff4-4eb1-a5a8-5237d1d6e695,2026-09-01T15:21:20.637,0.2,generating_outline,00000000-0000-0000-0000-000000000000,,,2026-09-01T15:10:28.332706,false,2026-09-01T15:17:56.562
sheets,decomp_review,87a8cf29-f488-4921-98df-9fbb785aa0b0,2026-09-01T15:23:11.603,0.2,generating_outline,00000000-0000-0000-0000-000000000000,,,2026-09-01T15:16:01.802617,false,2026-09-01T15:21:59.649
sheets,decomp_review,b7f300f9-e5bc-4533-bb18-e9b6295c8676,2026-09-01T15:36:08.811,0.2,generating_outline,00000000-0000-0000-0000-000000000000,,,2026-09-01T15:22:12.368554,false,2026-09-01T15:29:53.943
sheets,decomp_review,07fb55f1-ee8f-4ffe-be3a-c2dfd9722667,2026-09-01T15:36:29.802,0.2,generating_outline,00000000-0000-0000-0000-000000000000,,,2026-09-01T15:34:30.33122,false,2026-09-01T15:35:02.311
sheets,decomp_review,393bff95-3ca9-4d21-bac3-3d606b12a888,2026-09-01T15:36:42.851,0.2,generating_outline,00000000-0000-0000-0000-000000000000,,,2026-08-31T16:20:36.324069,false,2026-09-01T15:34:22.606
sheets,decomp_review,4742d467-8694-49bb-a004-21f3536366c1,2026-09-01T15:36:58.77,0.2,generating_outline,00000000-0000-0000-0000-000000000000,,,2026-08-31T19:57:39.003143,false,2026-09-01T15:34:18.908
sheets,decomp_review,f925d988-87c3-4cb0-a396-b583b2949382,2026-09-01T15:37:00.888,0.2,generating_outline,00000000-0000-0000-0000-000000000000,,,2026-09-01T15:30:06.350063,false,2026-09-01T15:32:05.922
sheets,decomp_review,34cd305c-21f6-4fec-9dbd-248d663d3dd0,2026-09-01T15:38:53.952,0.2,generating_outline,00000000-0000-0000-0000-000000000000,,,2026-09-01T15:34:35.049243,false,2026-09-01T15:37:07.882
sheets,decomp_review,a5fee93e-50ad-45b0-a41a-7c436718652d,2026-09-01T15:44:41.124,0.2,generating_outline,00000000-0000-0000-0000-000000000000,,,2026-09-01T15:32:17.471122,false,2026-09-01T15:39:07.273
sheets,decomp_review,d7d73ffc-80a7-4b89-ad31-e00a4d1d4b7b,2026-09-01T15:47:05.452,0.2,generating_outline,00000000-0000-0000-0000-000000000000,,,2026-09-01T15:37:17.564348,false,2026-09-01T15:45:06.621
sheets,decomp_review,2a63059e-b08b-495f-90df-23bb38eccd3f,2026-09-01T15:49:19.278,0.2,generating_outline,00000000-0000-0000-0000-000000000000,,,2026-09-01T15:45:17.528401,false,2026-09-01T15:48:21.945
sheets,decomp_review,6179c729-416b-4071-80e9-0cc420016a4d,2026-09-01T15:55:25.339,0.2,generating_outline,00000000-0000-0000-0000-000000000000,,,2026-09-01T15:48:30.639294,false,2026-09-01T15:52:48.942
sheets,decomp_review,599b6306-679f-41cf-9d66-6f2b621d8217,2026-09-01T15:56:48.99,0.2,generating_outline,00000000-0000-0000-0000-000000000000,,,2026-09-01T12:08:08.933515,false,2026-09-01T15:54:21.612
sheets,decomp_review,478baae0-862e-4fa4-9b9e-2fabc2f6cc66,2026-09-01T16:00:52.772,0.2,generating_outline,00000000-0000-0000-0000-000000000000,,,2026-09-01T15:52:59.099964,false,2026-09-01T15:58:31.323
sheets,decomp_review,abd59dc2-3502-4613-91e5-23a6ec13cca1,2026-09-01T16:05:11.058,0.2,generating_outline,00000000-0000-0000-0000-000000000000,,,2026-09-01T15:54:32.765058,false,2026-09-01T16:02:54.622
sheets,decomp_review,e436808a-f182-4838-bf56-dafedfe37895,2026-09-01T16:05:14.471,0.2,generating_outline,00000000-0000-0000-0000-000000000000,,,2026-09-01T15:58:42.721624,false,2026-09-01T16:02:01.2
sheets,decomp_review,ae7bc593-fdc3-4152-8209-05c554cb843b,2026-09-01T16:06:21.349,0.2,generating_outline,00000000-0000-0000-0000-000000000000,,,2026-08-31T23:18:55.995792,false,2026-09-01T16:00:12.541
sheets,decomp_review,a5f013b8-ef14-4437-bea0-630504093c40,2026-09-01T16:16:26.663,0.2,generating_outline,00000000-0000-0000-0000-000000000000,,,2026-09-01T16:03:01.747001,false,2026-09-01T16:11:39.748
sheets,decomp_review,4f56a4bf-a1c1-4a5a-a04b-0002394e52c8,2026-09-01T16:22:45.536,0.2,generating_outline,00000000-0000-0000-0000-000000000000,,,2026-09-01T16:09:48.443941,false,2026-09-01T16:19:29.885
sheets,decomp_review,f99123da-d14d-4324-96a0-ce1c3921dec3,2026-09-01T16:35:33.945,0.2,generating_outline,00000000-0000-0000-0000-000000000000,,,2026-09-01T16:19:44.30844,false,2026-09-01T16:24:20.225
sheets,decomp_review,cfd603d7-cfce-4222-b081-03e0f5c0d8b2,2026-09-01T17:25:40.748,0.1,generating_outline,00000000-0000-0000-0000-000000000000,,,2026-08-31T16:29:36.378151,false,2026-09-01T17:23:36.601
sheets,decomp_review,7e397e70-bfa2-4589-9e04-3b8e018c802f,2026-09-01T17:31:40.877,0.1,generating_outline,00000000-0000-0000-0000-000000000000,,,2026-09-01T17:23:47.427651,false,2026-09-01T17:29:04.718
sheets,decomp_review,2a84446d-f83e-42ac-95a0-9f1b2aa0ec2a,2026-09-01T17:34:32.205,0.1,generating_outline,00000000-0000-0000-0000-000000000000,,,2026-09-01T17:29:15.516445,false,2026-09-01T17:32:29.724
sheets,decomp_review,7047ad87-069b-468d-bb26-d319104022ae,2026-09-01T17:39:28.253,0.1,generating_outline,00000000-0000-0000-0000-000000000000,,,2026-09-01T17:32:42.65692,false,2026-09-01T17:36:41.887
sheets,decomp_review,c8d264cf-564c-41bc-81bc-55a8b63dfdad,2026-09-01T17:49:33.331,0.1,generating_outline,00000000-0000-0000-0000-000000000000,,,2026-08-31T16:22:52.494865,false,2026-09-01T17:47:51.803
sheets,decomp_review,3efe8d0d-6cdd-4568-91a5-c4551faaa067,2026-09-01T18:05:10.292,0.1,generating_outline,00000000-0000-0000-0000-000000000000,,,2026-09-01T17:48:02.504656,false,2026-09-01T18:03:09.221
sheets,decomp_review,fd010b55-3828-42ca-b7ea-d9eb29b9dfae,2026-09-01T18:16:53.954,0.1,generating_outline,00000000-0000-0000-0000-000000000000,,,2026-09-01T18:03:17.336645,false,2026-09-01T18:13:59.324
sheets,decomp_review,fcb936ce-8d6e-461d-a814-c683db0a3aef,2026-09-01T18:19:09.435,0.1,generating_outline,00000000-0000-0000-0000-000000000000,,,2026-09-01T18:14:06.917599,false,2026-09-01T18:17:52.623
sheets,decomp_review,7215fd35-f477-44af-b6f1-b38348ebe264,2026-09-01T18:24:35.355,0.1,generating_outline,00000000-0000-0000-0000-000000000000,,,2026-09-01T18:17:37.906833,false,2026-09-01T18:21:31.069
sheets,decomp_review,337252e6-80dc-4b36-b284-7b83b4e5617f,2026-09-01T18:24:43.503,0.1,generating_outline,00000000-0000-0000-0000-000000000000,,,2026-09-01T18:13:39.223587,false,2026-09-01T18:17:06.154
sheets,decomp_review,f9dbac06-1276-4e8b-9b94-eabb18ee6504,2026-09-01T18:29:15.534,0.1,generating_outline,00000000-0000-0000-0000-000000000000,,,2026-08-28T02:10:34.368538,false,2026-09-01T18:13:05.825
sheets,decomp_review,8a8066ff-7624-4fc5-981f-52a666b28967,2026-09-01T18:36:53.305,0.1,generating_outline,00000000-0000-0000-0000-000000000000,,,2026-09-01T18:22:00.038703,false,2026-09-01T18:26:35.177
sheets,decomp_review,3d3b229e-0507-4539-8343-193a679d5f5c,2026-09-01T18:48:17.64,0.1,generating_outline,00000000-0000-0000-0000-000000000000,,,2026-09-01T18:26:59.811571,false,2026-09-01T18:31:52.596
sheets,decomp_review,0ad44f5e-1c76-4401-9144-9f9914bc0f0a,2026-09-01T20:10:50.668,0.0,generating_outline,00000000-0000-0000-0000-000000000000,,,2026-09-01T20:02:03.827389,false,2026-09-01T20:06:06.096
sheets,decomp_review,05940599-09b8-440e-95d9-4e554acc3aa6,2026-09-01T20:14:47.605,0.0,generating_outline,00000000-0000-0000-0000-000000000000,,,2026-08-31T17:04:17.121796,false,2026-09-01T20:01:53.003
legacy-archive-advanced-workbook,pending_decomp_review,048b919b-5491-45c5-bb2b-d51fd043303f,2026-05-16T17:53:31.457263,108.1,generating_task_outline,00000000-0000-0000-0000-000000000000,,jeanette@meridian.ai,2026-05-16T17:52:04.154137,true,2026-05-16T17:53:31.449
legacy-archive-advanced-workbook,pending_decomp_review,04e3cada-6f4b-438b-8adf-97d9a90eeaf0,2026-05-16T17:56:18.130379,108.1,generating_task_outline,00000000-0000-0000-0000-000000000000,,jeanette@meridian.ai,2026-05-16T17:54:10.643488,true,2026-05-16T17:56:18.124
advanced-workbook-project,pending_decomp_review,8943d5bf-671e-4ea0-bf3c-28496dee9e55,2026-05-18T22:39:11.428242,105.9,generating_task_outline,00000000-0000-0000-0000-000000000000,,,2026-05-18T18:04:36.352177,true,2026-05-18T22:39:11.42
advanced-workbook-project,pending_decomp_review,61e9d527-0193-43c6-9433-210e34a3b86d,2026-05-18T22:51:18.219876,105.9,pending_decomp_review,1b346206-6c5e-4829-9897-2c494ccecab4,,,2026-05-18T22:45:56.965972,true,2026-05-18T22:48:21.439
advanced-workbook-project,pending_decomp_review,39959b33-49f5-41b5-ad6d-6361e7f5fe18,2026-05-18T23:08:10.823031,105.9,pending_decomp_review,1b346206-6c5e-4829-9897-2c494ccecab4,,,2026-05-18T23:06:43.466076,true,2026-05-18T23:07:54.681
advanced-workbook-project,pending_decomp_review,0e8506f7-638c-4663-8c3b-9f7b2339f41e,2026-05-18T23:08:13.546941,105.9,generating_task_outline,00000000-0000-0000-0000-000000000000,,,2026-05-18T22:45:56.965972,true,2026-05-18T23:08:13.539
advanced-workbook-project,pending_decomp_review,c60bfa52-ec70-4c0b-bd77-90fe7f1f98b3,2026-05-18T23:17:00.345096,105.9,pending_decomp_review,f598681a-0676-4a0b-a704-1ee75f6729d7,,,2026-05-18T22:45:56.965972,true,2026-05-18T22:54:32.91
advanced-workbook-project,pending_decomp_review,aa70d90b-fb91-4f2a-a556-e6ebf3158224,2026-05-18T23:17:00.345096,105.9,pending_decomp_review,f598681a-0676-4a0b-a704-1ee75f6729d7,,,2026-05-18T22:53:35.182659,true,2026-05-18T22:58:56.518
advanced-workbook-project,pending_decomp_review,bdcfefa1-7075-43a0-887a-9cf88eed2c3d,2026-05-18T23:17:00.345096,105.9,pending_decomp_review,f598681a-0676-4a0b-a704-1ee75f6729d7,,,2026-05-18T22:45:56.965972,true,2026-05-18T22:54:08.391
advanced-workbook-project,pending_decomp_review,58de0ea6-ee15-41e5-8124-e07429f1d3ed,2026-05-18T23:17:00.345096,105.9,pending_decomp_review,f598681a-0676-4a0b-a704-1ee75f6729d7,,,2026-05-18T23:03:05.264569,true,2026-05-18T23:11:15.882
advanced-workbook-project,pending_decomp_review,e97e256c-9882-4aa7-98dd-2dc736f81332,2026-05-18T23:17:00.345096,105.9,pending_decomp_review,f598681a-0676-4a0b-a704-1ee75f6729d7,,,2026-05-18T23:02:15.85172,true,2026-05-18T23:09:38.741
advanced-workbook-project,pending_decomp_review,dbc344dc-b161-4ce5-a5ea-17c05b6db869,2026-05-19T01:08:13.501263,105.8,pending_decomp_review,1b346206-6c5e-4829-9897-2c494ccecab4,,,2026-02-24T01:05:15.672391,true,2026-05-16T17:16:04.953
advanced-workbook-project,pending_decomp_review,8c4c68e0-7c85-4642-a3c0-6415a0a2753a,2026-05-19T01:08:13.501263,105.8,pending_decomp_review,1b346206-6c5e-4829-9897-2c494ccecab4,,,2026-05-16T17:14:41.532488,true,2026-05-16T17:24:56.702
advanced-workbook-project,pending_decomp_review,c7463767-d6ad-456b-b0ce-6e62abdf2b4b,2026-05-19T21:17:16.338415,105.0,pending_decomp_review,1b346206-6c5e-4829-9897-2c494ccecab4,,,2026-05-19T21:15:22.172583,true,2026-05-19T21:17:12.224
advanced-workbook-project,pending_decomp_review,6ce429cb-dd23-40fd-8062-20a5e1a3f1cb,2026-05-19T22:50:29.403379,104.9,pending_decomp_review,f598681a-0676-4a0b-a704-1ee75f6729d7,,,2026-05-15T20:28:14.477988,true,2026-05-15T21:25:41.095
advanced-workbook-project,pending_decomp_review,0769d27a-2ca4-436a-ac06-9cc62afdcb5e,2026-05-19T22:50:29.403379,104.9,pending_decomp_review,f598681a-0676-4a0b-a704-1ee75f6729d7,,,2026-05-15T20:26:59.30941,true,2026-05-15T21:08:25.244
advanced-workbook-project,pending_decomp_review,0565f2f8-f659-4bca-954d-62588f4289cd,2026-05-20T18:01:44.852852,104.1,pending_decomp_review,f598681a-0676-4a0b-a704-1ee75f6729d7,,,2026-05-20T08:46:45.848837,true,2026-05-20T12:28:38.652
advanced-workbook-project,pending_decomp_review,4f1b4548-e155-4fd1-a595-b4df2458fc7e,2026-05-20T18:20:02.187081,104.1,pending_decomp_review,f598681a-0676-4a0b-a704-1ee75f6729d7,,,2026-05-20T13:51:07.362954,true,2026-05-20T13:59:56.706
advanced-workbook-project,pending_decomp_review,4a17fbd7-3275-4f9f-9f1d-a856299076ca,2026-05-20T18:23:34.778941,104.1,pending_decomp_review,f598681a-0676-4a0b-a704-1ee75f6729d7,,,2026-05-20T08:46:45.848837,true,2026-05-20T13:46:55.497
advanced-workbook-project,pending_decomp_review,7a5e950b-6da6-4a70-927f-35f4985effc6,2026-05-20T18:23:34.778941,104.1,pending_decomp_review,f598681a-0676-4a0b-a704-1ee75f6729d7,,,2026-05-20T13:46:06.667468,true,2026-05-20T13:52:10.223
advanced-workbook-project,pending_decomp_review,ac5930b3-4e14-45f6-ba94-1dcb8b535bb6,2026-05-20T19:34:09.829825,104.0,pending_decomp_review,f598681a-0676-4a0b-a704-1ee75f6729d7,,,2026-05-20T14:21:38.586266,true,2026-05-20T14:23:26.001
advanced-workbook-project,pending_decomp_review,6cfa3620-e07d-4b0e-a2a5-6f97adcfa823,2026-05-21T04:01:45.111461,103.7,pending_decomp_review,f598681a-0676-4a0b-a704-1ee75f6729d7,,,2026-05-20T15:21:44.740149,true,2026-05-20T21:33:00.664
advanced-workbook-project,pending_decomp_review,e1d9ccaa-a788-429b-9f54-d5d1bcb7bb4b,2026-05-21T04:13:03.643239,103.7,pending_decomp_review,f598681a-0676-4a0b-a704-1ee75f6729d7,,,2026-05-20T15:19:12.177263,true,2026-05-20T15:25:01.128
advanced-workbook-project,pending_decomp_review,6b1509ad-2a0c-4886-94b7-ffdd2b23b43b,2026-05-21T04:13:03.643239,103.7,pending_decomp_review,f598681a-0676-4a0b-a704-1ee75f6729d7,,,2026-05-20T15:15:33.168091,true,2026-05-20T21:33:07.69
advanced-workbook-project,pending_decomp_review,f33fd2a3-6f2c-4013-ad02-8a54248ad8ac,2026-05-21T04:25:46.35197,103.7,pending_decomp_review,f598681a-0676-4a0b-a704-1ee75f6729d7,,,2026-05-20T15:51:32.806847,true,2026-05-20T15:53:35.016
advanced-workbook-project,pending_decomp_review,625733e1-5151-46d8-91da-3de09c77edb6,2026-05-21T04:25:46.35197,103.7,pending_decomp_review,f598681a-0676-4a0b-a704-1ee75f6729d7,,,2026-05-20T15:48:59.87207,true,2026-05-20T15:55:05.372
advanced-workbook-project,pending_decomp_review,d5332b1d-5d0d-44a6-a8e3-5006e4c37488,2026-05-21T04:25:46.35197,103.7,pending_decomp_review,f598681a-0676-4a0b-a704-1ee75f6729d7,,,2026-05-20T15:35:50.591288,true,2026-05-20T15:49:42.471
advanced-workbook-project,pending_decomp_review,431e8752-29f3-4af6-83c9-aec9cf59cb81,2026-05-21T04:25:46.35197,103.7,pending_decomp_review,f598681a-0676-4a0b-a704-1ee75f6729d7,,,2026-05-20T15:50:56.593554,true,2026-05-20T15:52:36.557
advanced-workbook-project,pending_decomp_review,7fca5b50-fbc9-4941-a88b-5454cbd9de6c,2026-05-21T04:25:46.35197,103.7,pending_decomp_review,f598681a-0676-4a0b-a704-1ee75f6729d7,,,2026-05-20T15:48:03.443051,true,2026-05-20T15:50:16.776
advanced-workbook-project,pending_decomp_review,80185fa3-fd47-47d7-a60a-bfca0c810042,2026-05-21T04:33:38.959692,103.7,pending_decomp_review,f598681a-0676-4a0b-a704-1ee75f6729d7,,,2026-05-20T17:09:24.85349,true,2026-05-20T17:23:36.318
advanced-workbook-project,pending_decomp_review,56720113-5aa5-4547-a0fe-57f35388e64e,2026-05-21T04:33:38.959692,103.7,pending_decomp_review,f598681a-0676-4a0b-a704-1ee75f6729d7,,,2026-05-20T17:22:03.227039,true,2026-05-20T17:25:39.352
advanced-workbook-project,pending_decomp_review,a3ba1441-3495-4f8f-89c8-ffb37c9f476d,2026-05-21T04:44:26.475078,103.6,pending_decomp_review,f598681a-0676-4a0b-a704-1ee75f6729d7,,,2026-05-20T17:49:27.82801,true,2026-05-20T17:56:26.707
advanced-workbook-project,pending_decomp_review,d27eefe3-2277-459a-8d34-99e4a90a5892,2026-05-21T04:44:26.475078,103.6,pending_decomp_review,f598681a-0676-4a0b-a704-1ee75f6729d7,,,2026-05-20T17:40:24.84867,true,2026-05-20T17:49:37.359
advanced-workbook-project,pending_decomp_review,36ba1114-504f-4d7e-af6f-615ae9188603,2026-05-21T04:44:26.475078,103.6,pending_decomp_review,f598681a-0676-4a0b-a704-1ee75f6729d7,,,2026-05-20T17:50:42.369687,true,2026-05-20T17:55:37.326
advanced-workbook-project,pending_decomp_review,fcabc1d7-13fa-4c41-b752-4bf0fac0e7b7,2026-05-21T04:44:26.475078,103.6,pending_decomp_review,f598681a-0676-4a0b-a704-1ee75f6729d7,,,2026-05-20T17:48:12.902537,true,2026-05-20T17:50:40.295
advanced-workbook-project,pending_decomp_review,b82c2551-67e9-4c05-8364-45d13e5e454a,2026-05-21T04:44:26.475078,103.6,pending_decomp_review,f598681a-0676-4a0b-a704-1ee75f6729d7,,,2026-05-20T17:36:41.118145,true,2026-05-20T17:42:51.398
advanced-workbook-project,pending_decomp_review,c4333ad4-1827-453b-bbb5-507206079094,2026-05-21T04:58:19.19171,103.6,pending_decomp_review,f598681a-0676-4a0b-a704-1ee75f6729d7,,,2026-05-20T18:00:01.785591,true,2026-05-20T18:07:30.254
advanced-workbook-project,pending_decomp_review,2f34c2fa-97af-47e1-ae8e-977353fb3d81,2026-05-21T05:09:01.878774,103.6,pending_decomp_review,f598681a-0676-4a0b-a704-1ee75f6729d7,,,2026-05-20T18:32:56.399104,true,2026-05-20T19:22:06.798
advanced-workbook-project,pending_decomp_review,ee415d1e-c8e8-4003-a769-71154307cd2a,2026-05-21T21:57:34.859494,102.9,pending_decomp_review,f598681a-0676-4a0b-a704-1ee75f6729d7,,,2026-05-21T12:30:47.072974,true,2026-05-21T21:35:17.241
advanced-workbook-project,pending_decomp_review,4423d6b6-90f4-4834-a892-df99d88464d5,2026-05-21T21:57:34.859494,102.9,pending_decomp_review,f598681a-0676-4a0b-a704-1ee75f6729d7,,,2026-05-21T21:34:01.942349,true,2026-05-21T21:36:27.433
advanced-workbook-project,pending_decomp_review,ab1ab4a6-a7e4-4157-8ca7-16b1d7316a0d,2026-05-21T22:00:30.179523,102.9,pending_decomp_review,f598681a-0676-4a0b-a704-1ee75f6729d7,,,2026-05-20T17:19:25.837953,true,2026-05-21T12:28:38.454
advanced-workbook-project,pending_decomp_review,e7a4f63f-3b44-4108-9aba-d4068e5ab3d9,2026-05-21T22:04:00.933553,102.9,pending_decomp_review,f598681a-0676-4a0b-a704-1ee75f6729d7,,,2026-05-20T18:41:53.021941,true,2026-05-20T18:44:58.71
advanced-workbook-project,pending_decomp_review,9874a6ff-fcb7-402e-8868-99f9f83755b7,2026-05-21T22:09:26.429222,102.9,pending_decomp_review,f598681a-0676-4a0b-a704-1ee75f6729d7,,,2026-05-20T19:22:14.503389,true,2026-05-20T19:24:21.879
advanced-workbook-project,pending_decomp_review,6e741c03-6ed9-4b70-abb9-69c094b91246,2026-05-22T02:46:15.025193,102.7,pending_decomp_review,f598681a-0676-4a0b-a704-1ee75f6729d7,,,2026-05-20T10:24:15.893786,true,2026-05-21T22:56:49.921
advanced-workbook-project,pending_decomp_review,640a27f2-f95c-4a27-a48c-c648673e6ddd,2026-05-22T17:31:29.015942,102.1,pending_decomp_review,f598681a-0676-4a0b-a704-1ee75f6729d7,,,2026-05-21T22:55:44.279649,true,2026-05-21T23:09:41.047
advanced-workbook-project,pending_decomp_review,d2d8c8e4-5a8e-4722-83e1-7f519e8cd410,2026-05-22T17:57:01.638231,102.1,pending_decomp_review,f598681a-0676-4a0b-a704-1ee75f6729d7,,,2026-05-22T02:09:13.167769,true,2026-05-22T02:14:26.069
advanced-workbook-project,pending_decomp_review,5fdc953b-501d-4fc4-a452-4364d8a6d47e,2026-05-24T16:56:38.932157,100.1,pending_decomp_review,f598681a-0676-4a0b-a704-1ee75f6729d7,,,2026-05-23T19:41:52.449514,true,2026-05-23T19:46:33.94
advanced-workbook-project,pending_decomp_review,020de082-9175-4f41-89bc-ebaafa215b78,2026-05-30T20:48:00.873702,94.0,pending_decomp_review,f598681a-0676-4a0b-a704-1ee75f6729d7,,,2026-05-30T17:26:03.464473,true,2026-05-30T17:26:29.327
advanced-workbook-project,pending_decomp_review,d4d5ef11-7b4e-42b1-a747-96db34509dfd,2026-05-30T20:48:00.873702,94.0,pending_decomp_review,f598681a-0676-4a0b-a704-1ee75f6729d7,,,2026-05-27T22:10:40.350385,true,2026-05-30T17:25:27.387
advanced-workbook-project,pending_decomp_review,fc580324-060d-46bb-8a38-f2907cba62f4,2026-05-30T20:48:00.873702,94.0,pending_decomp_review,f598681a-0676-4a0b-a704-1ee75f6729d7,,,2026-05-30T17:25:27.318792,true,2026-05-30T17:26:03.536
advanced-workbook-project,pending_decomp_review,496c2a3e-1f61-429c-9927-7d163942ee96,2026-06-01T17:00:17.163544,92.1,pending_decomp_review,f598681a-0676-4a0b-a704-1ee75f6729d7,,,2026-05-27T22:10:40.350385,true,2026-05-27T23:54:17.257
advanced-workbook-project,pending_decomp_review,d71f3067-3a92-490d-902e-14ab4b6359af,2026-06-01T17:22:23.548602,92.1,pending_decomp_review,f598681a-0676-4a0b-a704-1ee75f6729d7,,,2026-05-28T07:32:49.571594,true,2026-05-28T07:34:01.465
advanced-workbook-project,pending_decomp_review,80bfa941-a745-4bae-b07d-4ef9f09c9183,2026-06-01T20:08:37.210636,92.0,pending_decomp_review,f598681a-0676-4a0b-a704-1ee75f6729d7,,,2026-05-21T20:25:56.681468,true,2026-05-29T10:30:43.261
advanced-workbook-project,pending_decomp_review,f612fa20-8dcc-43b6-8d0d-2293333edea0,2026-06-01T20:16:59.177045,92.0,pending_decomp_review,f598681a-0676-4a0b-a704-1ee75f6729d7,,,2026-05-30T16:51:29.816117,true,2026-05-30T16:52:02.7
advanced-workbook-project,pending_decomp_review,f9e1c559-f8e2-4f10-b83f-9ad2880031c5,2026-06-01T20:30:29.733583,92.0,pending_decomp_review,f598681a-0676-4a0b-a704-1ee75f6729d7,,,2026-05-30T22:42:14.522426,true,2026-05-30T22:42:36.927
advanced-workbook-project,pending_decomp_review,de74dc91-fb5a-4d3d-b276-ca62ec2b1445,2026-06-01T20:43:28.628346,92.0,pending_decomp_review,f598681a-0676-4a0b-a704-1ee75f6729d7,,,2026-05-31T01:22:35.285559,true,2026-05-31T01:56:47.419
advanced-workbook-project,pending_decomp_review,e60309f6-7937-44d7-813d-9f44a6c5d041,2026-06-01T23:34:46.318478,91.9,pending_decomp_review,f598681a-0676-4a0b-a704-1ee75f6729d7,,,2026-06-01T14:11:53.890703,true,2026-06-01T18:07:43.006
advanced-workbook-project,pending_decomp_review,699ef531-67c2-4eda-a17d-c7622cf6464d,2026-06-02T19:00:55.864439,91.1,pending_decomp_review,f598681a-0676-4a0b-a704-1ee75f6729d7,,,2026-05-31T21:53:39.508687,true,2026-05-31T21:54:15.003
advanced-workbook-project,pending_decomp_review,2e859f64-bbe4-4f46-a773-508b909f17e9,2026-06-02T19:58:19.464666,91.0,pending_decomp_review,f598681a-0676-4a0b-a704-1ee75f6729d7,,,2026-06-02T15:52:48.463741,true,2026-06-02T16:12:47.129
advanced-workbook-project,pending_decomp_review,5512687b-1482-4278-92a1-fc5b7da5a689,2026-06-02T19:59:39.316099,91.0,pending_decomp_review,f598681a-0676-4a0b-a704-1ee75f6729d7,,,2026-06-02T15:09:41.947342,true,2026-06-02T15:52:48.537
advanced-workbook-project,pending_decomp_review,76e8492d-05ff-4087-a6af-826b70336ba4,2026-06-02T20:10:01.037492,91.0,pending_decomp_review,f598681a-0676-4a0b-a704-1ee75f6729d7,,,2026-06-02T15:09:41.947342,true,2026-06-02T16:57:02.062
advanced-workbook-project,pending_decomp_review,2975e2e5-c847-4e9d-bf28-498b01f398f4,2026-06-02T20:48:32.19476,91.0,pending_decomp_review,f598681a-0676-4a0b-a704-1ee75f6729d7,,,2026-06-02T17:10:53.51696,true,2026-06-02T17:11:26.478
advanced-workbook-project,pending_decomp_review,87b5ce63-c0a0-48f4-802a-5f8960316537,2026-06-02T21:09:37.859479,91.0,pending_decomp_review,f598681a-0676-4a0b-a704-1ee75f6729d7,,,2026-06-02T17:10:03.691023,true,2026-06-02T17:10:53.603
advanced-workbook-project,pending_decomp_review,1e416cad-55c6-454f-aa22-3a9f8ef3e9f8,2026-06-02T21:32:27.895656,90.9,pending_decomp_review,f598681a-0676-4a0b-a704-1ee75f6729d7,,,2026-06-02T18:20:55.684075,true,2026-06-02T18:37:56.538
advanced-workbook-project,pending_decomp_review,bebbd2b0-91a2-4d70-a642-0223b93e82c1,2026-06-02T22:05:00.009409,90.9,pending_decomp_review,f598681a-0676-4a0b-a704-1ee75f6729d7,,,2026-06-02T15:09:41.947342,true,2026-06-02T18:21:34.431
advanced-workbook-project,pending_decomp_review,76d5a479-c424-4226-9c0b-ddfdb2dce006,2026-06-02T22:56:10.141138,90.9,pending_decomp_review,f598681a-0676-4a0b-a704-1ee75f6729d7,,,2026-06-02T20:29:32.216738,true,2026-06-02T20:33:28.633
advanced-workbook-project,pending_decomp_review,b67fe423-376e-4a42-a52e-2202de89373c,2026-06-02T22:56:25.010228,90.9,pending_decomp_review,f598681a-0676-4a0b-a704-1ee75f6729d7,,,2026-06-02T20:33:28.490068,true,2026-06-02T20:40:43.277
advanced-workbook-project,pending_decomp_review,ef1776eb-db9d-482a-b852-b77381b07709,2026-06-02T23:26:45.0541,90.9,pending_decomp_review,f598681a-0676-4a0b-a704-1ee75f6729d7,,,2026-05-29T17:28:05.448437,true,2026-05-29T17:30:49.954
advanced-workbook-project,pending_decomp_review,1610f017-5a8f-4637-b6cd-bf75109015bd,2026-06-02T23:28:15.399075,90.9,pending_decomp_review,f598681a-0676-4a0b-a704-1ee75f6729d7,,,2026-05-27T22:10:40.350385,true,2026-05-29T17:25:08.228
advanced-workbook-project,pending_decomp_review,94d172ab-5bde-4ee3-a4f8-d1d8f36a4cd1,2026-06-03T01:49:28.560014,90.8,pending_decomp_review,f598681a-0676-4a0b-a704-1ee75f6729d7,,,2026-05-25T03:23:04.357023,true,2026-05-25T03:24:36.196
advanced-workbook-project,pending_decomp_review,b55fd136-0bf6-465d-9007-773b0982b81e,2026-06-03T01:49:50.205324,90.8,pending_decomp_review,f598681a-0676-4a0b-a704-1ee75f6729d7,,,2026-05-25T03:21:31.795094,true,2026-05-25T03:23:04.495
advanced-workbook-project,pending_decomp_review,a9372ff5-226f-4361-b852-3f94e61289c0,2026-06-03T19:45:20.086751,90.0,pending_decomp_review,f598681a-0676-4a0b-a704-1ee75f6729d7,,,2026-06-03T18:58:54.577158,true,2026-06-03T19:12:27.359
advanced-workbook-project,pending_decomp_review,bd1bcd5f-2bf2-40fe-bfb0-65d7ca279427,2026-06-04T02:59:38.141586,89.7,pending_decomp_review,f598681a-0676-4a0b-a704-1ee75f6729d7,,,2026-06-02T17:59:46.232395,true,2026-06-03T15:42:29.171
sheets,decomp_review,9092ff1c-1f86-4800-b5bc-739e8509677c,2026-06-11T04:42:13.506353,82.6,decomp_review,f598681a-0676-4a0b-a704-1ee75f6729d7,,,2026-06-10T04:06:38.841044,true,2026-06-10T04:09:11.265
sheets,decomp_review,61692045-2d7d-402c-85c5-0b2d6bb74f7b,2026-06-12T04:50:14.852355,81.6,decomp_review,f598681a-0676-4a0b-a704-1ee75f6729d7,,,2026-06-11T10:34:49.165637,true,2026-06-11T10:37:15.733
sheets,decomp_review,b899057f-4f45-43f9-a711-cd862317bebe,2026-06-12T14:14:15.573196,81.3,decomp_review,f598681a-0676-4a0b-a704-1ee75f6729d7,,,2026-06-12T08:22:49.473027,true,2026-06-12T08:23:57.249
sheets,decomp_review,b7034ee9-5865-4354-98fc-830d66311a67,2026-06-22T21:59:50.424088,70.9,decomp_review,f598681a-0676-4a0b-a704-1ee75f6729d7,,,2026-06-18T10:40:36.960704,true,2026-06-18T10:41:06.178
sheets,decomp_review,2f871fc1-1d24-4280-91e1-878036a78fb9,2026-06-22T22:02:38.565099,70.9,decomp_review,f598681a-0676-4a0b-a704-1ee75f6729d7,,,2026-06-17T04:47:08.998255,true,2026-06-18T10:38:58.371
sheets,decomp_review,8d5ef957-5e25-4cd6-9d03-2f5ec848932c,2026-06-24T21:48:41.342326,68.9,decomp_review,f598681a-0676-4a0b-a704-1ee75f6729d7,,,2026-06-15T17:38:48.986945,true,2026-06-15T17:46:16.403
sheets,decomp_review,ffccb9ab-db9c-4cdc-8a7d-4fa6921dc4a9,2026-06-24T21:48:41.342326,68.9,decomp_review,f598681a-0676-4a0b-a704-1ee75f6729d7,,,2026-06-09T01:26:53.20186,true,2026-06-15T17:30:00.988
sheets,decomp_review,678e0616-ee0e-483c-9a83-2b9f1ab4d704,2026-06-24T21:48:41.342326,68.9,decomp_review,f598681a-0676-4a0b-a704-1ee75f6729d7,,,2026-06-15T18:02:38.713856,true,2026-06-15T18:13:51.833
sheets,decomp_review,0fdc37cf-59b5-450d-be90-2febf99af6c0,2026-06-24T21:48:41.342326,68.9,decomp_review,f598681a-0676-4a0b-a704-1ee75f6729d7,,,2026-06-15T17:54:49.713744,true,2026-06-15T18:02:38.845
sheets,decomp_review,18de8dbc-4115-42ef-a944-abf25a047425,2026-06-24T21:48:41.342326,68.9,decomp_review,f598681a-0676-4a0b-a704-1ee75f6729d7,,,2026-06-15T17:30:00.898325,true,2026-06-15T17:38:49.092
sheets,decomp_review,38a0bb0e-e752-4a14-aef6-dda2a2eb2128,2026-06-24T21:48:41.342326,68.9,decomp_review,f598681a-0676-4a0b-a704-1ee75f6729d7,,,2026-06-15T18:13:51.747638,true,2026-06-15T18:31:59.809
sheets,decomp_review,886c6ff2-ff3e-457a-97f8-6e95b579ef97,2026-06-24T21:48:41.342326,68.9,decomp_review,f598681a-0676-4a0b-a704-1ee75f6729d7,,,2026-06-15T17:46:16.327411,true,2026-06-15T17:54:49.823
sheets,decomp_review,f2ed9656-d60c-499b-82dd-4238b5b556b5,2026-06-25T03:41:58.985654,68.7,decomp_review,f598681a-0676-4a0b-a704-1ee75f6729d7,,,2026-06-25T03:41:32.135632,true,
