bucket,task_id,decomp_review_visits,outline_len,transition_len,unique_formulas,is_clone,submitted_at,recommended_action,outline_tail,transition_description
A1_no_outline,cfb56338-4a27-42d5-9e0d-9e59b2fa8640,1,,,,false,,Send back to generating_outline. Nothing to review.,,
A1_no_outline,25613ef5-50aa-4ab2-b49a-4ea4b4dc519a,1,,,,false,,Send back to generating_outline. Nothing to review.,,
A1_no_outline,a5f013b8-ef14-4437-bea0-630504093c40,1,,,,false,,Send back to generating_outline. Nothing to review.,,
A1_no_outline,d010dfa4-e4d0-42a5-a7f6-a3ef1e58e0e9,1,,,,true,,Send back to generating_outline. Nothing to review.,,
A1_no_outline,c4ba7c97-5f2e-4e3e-8f63-3d68539868bc,1,,,,true,,Send back to generating_outline. Nothing to review.,,
A1_no_outline,29ea5ad8-04b1-4dc4-8220-ae9df37ae12d,1,,,,false,,Send back to generating_outline. Nothing to review.,,
A1_no_outline,906892cf-1049-4c2d-99ef-404e461c776f,1,,,,false,,Send back to generating_outline. Nothing to review.,,
A1_no_outline,2a63059e-b08b-495f-90df-23bb38eccd3f,1,,,,false,,Send back to generating_outline. Nothing to review.,,
A1_no_outline,5da033e5-0b26-4526-afaf-8e71e57612a4,1,,,,false,,Send back to generating_outline. Nothing to review.,,
A1_no_outline,15a0ebf7-8354-4e97-bdfd-764a03bef9ee,1,,,,false,,Send back to generating_outline. Nothing to review.,,
A1_no_outline,1ef09f14-3119-434f-b561-884e196c6caa,1,,,,false,,Send back to generating_outline. Nothing to review.,,
A1_no_outline,27b833b2-b759-439b-aa91-db78616e22b8,1,,,,false,,Send back to generating_outline. Nothing to review.,,
A1_no_outline,92b20cff-2188-474c-b966-e33ada1437ee,1,,,,true,,Send back to generating_outline. Nothing to review.,,
A1_no_outline,3d3b229e-0507-4539-8343-193a679d5f5c,1,,,,false,,Send back to generating_outline. Nothing to review.,,
A1_no_outline,8a8066ff-7624-4fc5-981f-52a666b28967,1,,,,false,,Send back to generating_outline. Nothing to review.,,
A1_no_outline,3d458c2a-cfe5-4a22-9f35-1c48780f5a38,1,,,,true,,Send back to generating_outline. Nothing to review.,,
A1_no_outline,7215fd35-f477-44af-b6f1-b38348ebe264,1,,,,false,,Send back to generating_outline. Nothing to review.,,
A1_no_outline,337252e6-80dc-4b36-b284-7b83b4e5617f,1,,,,false,,Send back to generating_outline. Nothing to review.,,
A1_no_outline,f7e83778-a8c1-4c8a-a43a-f2c40548cdf6,1,,,,false,,Send back to generating_outline. Nothing to review.,,
A1_no_outline,62d0dff1-ef18-40ae-879c-f7dd0fc7a67e,1,,,,false,,Send back to generating_outline. Nothing to review.,,
A1_no_outline,552a9578-aaf8-453b-8f58-e85a1ed40315,1,,,,false,,Send back to generating_outline. Nothing to review.,,
A1_no_outline,1998a617-9037-46d2-912b-adfdb4441444,1,,,,false,,Send back to generating_outline. Nothing to review.,,
A1_no_outline,443385cc-42c6-486b-ac8e-fd8724d99160,1,,,,false,,Send back to generating_outline. Nothing to review.,,
A1_no_outline,f776f992-cd34-452b-adfe-e65148c3c247,1,,,,false,,Send back to generating_outline. Nothing to review.,,
A1_no_outline,e8ad8af9-0dc2-4a47-915d-69799551aad9,1,,,,false,,Send back to generating_outline. Nothing to review.,,
A1_no_outline,7b4c773f-02c0-42cf-a37b-04b6773b86c0,1,,,,false,,Send back to generating_outline. Nothing to review.,,
A1_no_outline,4073b29f-25e1-4432-8bf5-0b7c4be497db,1,,,,true,,Send back to generating_outline. Nothing to review.,,
A1_no_outline,21d534e3-8c09-46e5-8a5d-b5c55c8522a2,1,,,,false,,Send back to generating_outline. Nothing to review.,,
A1_no_outline,87a8cf29-f488-4921-98df-9fbb785aa0b0,1,,,,false,,Send back to generating_outline. Nothing to review.,,
A1_no_outline,4f56a4bf-a1c1-4a5a-a04b-0002394e52c8,1,,,,false,,Send back to generating_outline. Nothing to review.,,
A1_no_outline,0e3f0394-b3e2-4e6c-836e-704eff6c48e2,1,,,,false,,Send back to generating_outline. Nothing to review.,,
A1_no_outline,8c19520c-b2d2-449b-a1f8-b426e81df053,1,,,,false,,Send back to generating_outline. Nothing to review.,,
A2_no_outline_looping,4c77fbdb-8d12-4a84-b0db-a219bf7fe2a5,3,,,,false,,"Escalate to engineering: regenerated 3 times, still no outline. Another bounce will not fix it.",,
A2_no_outline_looping,41fbe12c-7c20-463d-96e8-4ae8700d1c0d,3,,,,true,,"Escalate to engineering: regenerated 3 times, still no outline. Another bounce will not fix it.",,
B_thin_outline,c4ed90cb-4e82-408b-82fa-f52a782f72d3,1,46,44,2828,false,2026-09-01T15:14:33.932,"Read before approving: outline is 46 chars, below the 1st percentile of approved decomps.","- Input (earlier) = N-4
- Output (later) = N-3","Cleared Cedarbrook Cash Flow, Balance Sheet."
B_thin_outline,5a1f3794-1251-431a-b97d-4cf2107ffed8,1,194,130,180,false,2026-08-31T19:13:35.208,"Read before approving: outline is 194 chars, below the 1st percentile of approved decomps.","M E-NCI"" line that pulls the TTM SCA E-NCI from the new OUTPUT tab, and add an ""","Delete tabs: OUTPUT - Valuation Views
Clear content: Pro Forma!A41:Q60, Inputs & Assumptions!F32:K72, Inputs & Assumptions!D90:J99"
B_thin_outline,fa5950c9-4c71-4406-83bf-8fd81fc6ff67,1,517,154,1106,true,2026-08-31T20:15:16.77,"Read before approving: outline is 517 chars, below the 1st percentile of approved decomps.",ntum: Full population - top display block referencing source data block below (r,"Delete tabs: OUTPUT - Assumptions, OUTPUT - Phase I, OUTPUT - Cedarbrook Holdings Le, OUTPUT - Assumptions (Board), OUTPUT - Quaterly Momentum, OPS BUDGET"
B_thin_outline,5961c436-e583-4000-ad25-cc8e11a634ae,1,892,195,1330,true,2026-08-31T16:23:55.802,"Read before approving: outline is 892 chars, below the 1st percentile of approved decomps.",ndard Overhead / Non-Standard Overhead (hardcoded 0) / Total Overhead sub-block;,"Delete tabs: Deal System Deal Import, Deal System Physician Import, Essbase Export, Ops Budget, Development Earnings, Key Metrics Box, 9. Balance Sheet, 10. Go-Get
Clear content: Val Assum!J8:J11"
B_thin_outline,40827f51-9058-4a34-aa53-cffedf1af118,1,2052,15,661,false,2026-09-01T14:37:45.621,"Read before approving: outline is 2052 chars, below the 1st percentile of approved decomps.", the balance sheet: cash rolls with the change from the cash flow statement; acc,Cleared FinSum.
C_truncated_outline,79036bd8-09a6-44ef-a84d-8985ace5476e,1,5975,52,1061,false,2026-08-31T21:12:31.034,Read before approving: outline stops mid-sentence at 5975 chars., cumulative interest saved; the offset rolls forward as prior end + deposit; tot,Cleared contents across Calculations and Inputs tabs
C_truncated_outline,95606585-8665-475b-ac9c-eb5fae04a8f6,1,7398,123,800,false,2026-09-01T15:12:42.789,Read before approving: outline stops mid-sentence at 7398 chars.,driver rows (127–129): historical columns compute current / SCA / other mgmt fee,"Clear content: Incremental Volume - Monthly!B31:P70, Pro Forma!I3:AB31, Pro Forma!I81:AB133, Inputs & Assumptions!B102:J138"
C_truncated_outline,9f656c96-9ce4-44ad-b96a-18b953565b82,1,17233,199,2088,false,2026-09-01T15:07:14.046,Read before approving: outline stops mid-sentence at 17233 chars.," Deal Costs, External Deal Costs, Capital, De Novo Total Project Cost, IY E-NCI,","Cleared 1a. Deal Model Execution Smry, 2. Financial & Valuation Sum, 3. YR1, Cap Table, & MD ROI, 4. Returns & Metrics, PF, Assumptions, Physician Ouputs, Pipeline Extract, Development Earnings, I&A."
D_thin_transition,f925d988-87c3-4cb0-a396-b583b2949382,1,5989,12,12113,false,2026-09-01T15:36:59.721,Read before approving: transition note is only 12 chars.," ""Applied Location Appropriate Reimbursement"" = Integrated − Base for each year.",Cleared LAR.
D_thin_transition,018939a8-5f2a-46e7-9f5b-309a20147f37,1,6523,17,198,true,2026-09-01T14:31:39.535,Read before approving: transition note is only 17 chars.,WACC output in the top-left corner and populated via Excel data-table mechanics.,"Cleared DCF, WACC"
D_thin_transition,69633abd-f051-404b-81ac-eff6a9593427,3,8361,16,3137,false,2026-08-31T14:28:23.603,Read before approving: transition note is only 16 chars.,d the row 142 checks in the AZ and BA columns as 36/156 and 38/160 respectively.,Cleared Drivers.
E_normal,c6c2c383-40f8-4b75-801f-980b1b4be5c1,1,3011,55,147,true,2026-08-31T15:23:18.409,Approve-shaped on every measured signal.,viding Cost Value by Sold Value for each period column and for the Total column.,"Report Entries is removed and there were no dependents
"
E_normal,fcb936ce-8d6e-461d-a814-c683db0a3aef,1,3459,68,781,false,2026-09-01T18:19:08.139,Approve-shaped on every measured signal.," EBT) if it exceeds the median, otherwise the median (defaulting to 0 on error).","Delete tabs: Historicals FS
Clear content: Master Input Center!C6:C7"
E_normal,c6881e77-6ce5-48a3-8cde-8879e2cc4f54,1,3525,44,879,false,2026-08-31T17:39:19.113,Approve-shaped on every measured signal.,", and Days Payable of COGS) flat across the four quarters of each forecast year.","Delete tabs: Quarterly, Fee table, Cap Table"
E_normal,4481ca73-a949-499a-8fe7-a4c37b155beb,1,3922,39,257,false,2026-08-31T21:56:20.493,Approve-shaped on every measured signal.,d Maintenance / Case = row 37 / Volume; Other Expenses / Case = row 62 / Volume.,"Clear Content: IS, Inputs & Assumptions"
E_normal,8776c673-873b-40ca-964f-ab6002356f85,1,4082,31,211,false,2026-08-31T17:43:42.407,Approve-shaped on every measured signal.,table interior with the hardcoded multiples shown for each P/E / exit-year cell.,Clear content: Model!B546:BL638
E_normal,e1e788eb-4aee-46ae-a4c8-8c271696c327,1,4131,118,2023,false,2026-08-31T21:30:56.742,Approve-shaped on every measured signal.,ow beneath all three blocks summing each Year column across the 60 monthly rows.,"Delete tabs: Existing Facility Debt Schedule, Capital Lease Amortization
Clear content: Inputs & Assumptions!B162:F175"
E_normal,fc7eba84-31fd-4c8b-a365-8693c04e3e87,1,4430,118,3132,false,2026-08-31T15:24:24.603,Approve-shaped on every measured signal.,"nual bucket allocation (interest, principal, depreciation) summed at the bottom.","Builds Capex/depreciation roll-forward, existing-facility debt amortization, and capital-lease amortization schedules."
E_normal,c02a0444-8574-487f-a8e2-1579e9668891,1,4514,94,580,true,2026-09-01T10:56:34.698,Approve-shaped on every measured signal.,ivides Equity Value by the target share count from the Comparable Valuation tab.,"ratio analysis, Comparable valuation, comps beta - all tabs entirely and its dependent cells 
"
E_normal,f5133322-4c38-46e9-af41-5f0db8f28335,1,4610,99,781,true,2026-08-31T16:40:29.887,Approve-shaped on every measured signal.,"000, and compute Other Revenue as Total Revenue minus WC Revenue in each period.","WC Revenue Output, OPS Budget and OUTPUT 6 - Facility View is removed and there were no dependents
"
E_normal,34cd305c-21f6-4fec-9dbd-248d663d3dd0,1,4655,79,1278,false,2026-09-01T15:38:52.708,Approve-shaped on every measured signal.,"6/1. Volume from these providers has been adjusted out in adjusted 2025 EBITDA.""","Delete tabs: 7. Cap Tables (New), Cap Tables (OLD), Partner Int. Volume Summary"
E_normal,fd010b55-3828-42ca-b7ea-d9eb29b9dfae,1,4694,68,870,false,2026-09-01T18:16:52.477,Approve-shaped on every measured signal.,he ROE decomposition) with a matching equality check row against the direct ROA.,"Delete tabs: Ratio Analysis, DuPont Analysis, Common Size Statements"
E_normal,2a84446d-f83e-42ac-95a0-9f1b2aa0ec2a,1,4713,159,1282,false,2026-09-01T17:34:30.59,Approve-shaped on every measured signal.,CA ownership %) using the ownership driver already present on the Pro Forma tab.,"Delete tabs: Existing Facility Debt Schedule, Capital Lease Amortization, CapEx & Depreciation
Clear content: Pro Forma!B33:Q43, Inputs & Assumptions!F141:J141"
E_normal,2eac6da2-9e56-44ba-8a41-74e966254a0f,1,4844,76,209,true,2026-09-01T14:47:21.885,Approve-shaped on every measured signal.,".1, 0.2, 0.3, 0.4, with the interior populated by an Excel Data Table operation.","Delete tabs: SCA Cash Flow & IRR
Clear content: Inputs & Assumptions!D80:K99"
E_normal,f30a8ecf-df4e-4f03-8714-f7ae455f7d4a,1,4964,55,1161,false,2026-08-31T17:31:21.739,Approve-shaped on every measured signal.,tization and Excess cash sweep; Net debt is Debt minus Cash across all quarters.,"Clear content: Quarterly!B55:AN93, Quarterly!B161:AN196"
E_normal,186f9114-b319-4a06-991a-b6730fe9e23c,1,4997,210,893,false,2026-08-31T21:50:24.112,Approve-shaped on every measured signal.,est before the E-NCI (E) – Unlevered and Buyer Multiple (Non-Consolidated) rows.,"Delete tabs: Acquirer Cash Flow & IRR, Acquirer Debt Financing Schedul, OUTPUT - Facility View, OUTPUT - Valuation Views
Clear content: Inputs & Assumptions!D32:K99, Inputs & Assumptions!F162, Pro For"
E_normal,db200501-bf69-430b-8d58-2650bdf4dae9,4,5005,111,558,true,2026-08-31T15:15:55.636,Approve-shaped on every measured signal.,"e corresponding Base Year, Year 1, Year 2, and Year 3 line from the projection).","Fair Market Value Analysis, Depreciation Schedule and TTM July 2011 formulae are removed along with references."
E_normal,25f20ed8-ac73-48a4-898f-c5d6ef6a6245,1,5037,89,2860,false,2026-08-31T18:18:45.641,Approve-shaped on every measured signal.,balance into the following year; total row 70 summing Z67:Z69 through AE67:AE69.,"Delete tabs: Pro Forma - Base, D&A & Debt - Base
Clear content: I&A!U65:AE70, I&A!G86:L86"
E_normal,c8d264cf-564c-41bc-81bc-55a8b63dfdad,1,5200,114,193,true,2026-09-01T17:49:32.185,Approve-shaped on every measured signal.,"s of 0.005), driven off the D21/D22 (Terminal Growth Rate and WACC) input cells.","Delete tabs: DCF, WACC, Comps Beta Calculation
Clear content: Master Input Center!C30, Master Input Center!D24:E24"
E_normal,7e397e70-bfa2-4589-9e04-3b8e018c802f,1,5210,149,156,false,2026-09-01T17:31:28.66,Approve-shaped on every measured signal.," 129), and SCA Net Income After SCA Debt Financing = pre-tax after debt – taxes.","Delete tabs: SCA Debt Financing Schedule
Clear content: Inputs & Assumptions!F32:M69, Inputs & Assumptions!F162, Pro Forma!B45:Q60, Pro Forma!A62:N71"
E_normal,40242b05-fcaa-4e15-b491-55db2e3fa7b6,1,5264,126,1305,false,2026-09-01T15:02:56.096,Approve-shaped on every measured signal.,"s the monthlies, and annual forecast columns use each year's own NCI% reference.","Delete tabs: CapEx & Depreciation、Existing Facility Debt Schedule、Capital Lease Amortization
Clear content: Pro Forma!B34:AB44"
E_normal,6179c729-416b-4071-80e9-0cc420016a4d,1,5302,112,498,false,2026-09-01T15:55:24.174,Approve-shaped on every measured signal.,tput (later): `6efadcab0921422ab87217fef3540ee6-1788277813021_08.31_63_N-4.xlsx`,"Delete tabs: Partner Base Pro Forma, Partner Base DCF
Clear content: I&A!A171:M213, I&A!A265:M308, I&A!C101:C103"
E_normal,a9e4edde-37ec-4166-a504-269dfdbdf342,1,5312,335,1334,true,2026-08-31T19:01:41.01,Approve-shaped on every measured signal.,tch references throughout Input update from row 85/86 to row 86/87 accordingly).,Removed non hardcoded assumptions on the Valuation Analysis and Sensitivity Analysis tabs; Removed Optimistic Results and Pessimistic Results tabs; Removed Optimistic and Pessimistic Forecast blocks o
E_normal,4fc78b5f-2d41-4d53-a7e3-96c2845e00ae,1,5364,33,291,false,2026-08-31T18:29:28.244,Approve-shaped on every measured signal.,"9, and Total Volume as the sum across just the three named-physician rows (5–7).",Builds the summary valuation tabs
E_normal,8735bfff-0033-409a-acf4-45a6181fe67a,1,5390,192,323,true,2026-08-31T18:27:06.904,Approve-shaped on every measured signal.,"s 1–5, plus a footnote block noting the CAGR treatment for the pro forma period.","Added two tabs - CapEx & Depreciation, Pro Forma – Acquistions, and added the sections of Acquisition assumptions, Terminal Value Assumptions, sensitivity table on the Inputs & Assumptions tab"
E_normal,0e213187-02ef-4583-82fe-c76aa908191c,1,5439,199,54044,false,2026-08-31T15:02:50.877,Approve-shaped on every measured signal.,olumns to produce the final after-tax retirement cash flow per person per month.,"Delete tabs: Salary_01, Salary_02, 401k_01, 401k_02, IRA_01, IRA_02, Roth_01, Roth_02, Invest_01, Invest_02, SocialSec_01, SocialSec_02, Pension_01, Pension_02, Retirement_Dist_01, Retirement_Dist_02"
E_normal,85395a85-46e5-4b11-84c8-6ca4c9834d8d,1,5460,332,418,false,2026-08-31T22:54:10.829,Approve-shaped on every measured signal.,date and OM Status) as header‑only placeholders with no value formulas in row 2.,"Removed Ending EBITDA, EBITDA Change, and Check columns on the 8. EBITDA Bridge tab; removed non hardcoded formulas on the Base EBITDA, Decrease, and Increase columns on the 8. EBITDA Bridge tab; remo"
E_normal,0535b002-6450-4613-910c-e40c32b5acdd,1,5509,118,45045,true,2026-08-31T15:02:22.092,Approve-shaped on every measured signal.,"nces, both Roth balances, both IRA balances, and both other-investment balances.","Delete tabs: RollUp, Net_Income, Accumulated_Debt, Net_Worth, College, Expenses, Childcare, Mortgage, Loan_01, Loan_02"
E_normal,117d95e7-3009-4f4d-b98b-1cbf70b752e4,1,5513,125,320,false,2026-08-31T22:52:35.619,Approve-shaped on every measured signal.,"om the Pipeline Extract tab, and IYC (IOI) and FYC (IOI) from the Valuation tab.","Removed 6. Strategic Partner Appendix, Key Metrics Box, and Pro Forma Output tabs; removed formulas on the 4. Assumptions tab"
E_normal,fc46c1c0-4441-49a1-a1cf-aca50dd60c10,1,5581,149,2073,false,2026-08-31T16:43:52.086,Approve-shaped on every measured signal.,and annual principal totals from `Acquirer Debt Financing Schedul` as negatives.,"Acquirer Debt Financing Schedule, Capital Lease Amortization, Existing Facility Debt Schedule, Capex & Depreciation is removed along with dependents
"
E_normal,9060244e-a67d-4e4c-addd-aa8192912d7f,1,5614,90,477,false,2026-08-31T16:46:19.2,Approve-shaped on every measured signal.,1.6; Physician001 Y ORTHO 17 / 202 / 2011.9; Physician003 Y GEN 34 / 859 / 1750.,"Monthly Volume Summary, PP Revenue Changes, Facility NPR is removed along with dependents
"
E_normal,f3244a01-4e38-47df-aef9-bb807df375c1,1,5661,151,248,true,2026-08-31T19:09:20.037,Approve-shaped on every measured signal.,se are the values consumed by the Summary Returns block on Inputs & Assumptions.,"Delete tabs: SCA Debt Financing Schedule, SCA Cash Flow & IRR
Clear Content: Pro Forma!A62:Q71, Inputs & Assumptions!F74:K88, Inputs & Assumptions!F162"
E_normal,3efe8d0d-6cdd-4568-91a5-c4551faaa067,1,5723,131,410,false,2026-09-01T18:05:09.005,Approve-shaped on every measured signal.,"0, 0, 0.1) and the same Confidence / VAR / Stock Price / VAR (INR) column logic.","Delete tabs: Intrinsic Growth, Altman's Z Score, VAR
Clear content: Daily Adjusted closings!AJ4:AJ7658, Master Input Center!G32:J32"
E_normal,d30ebc47-41f2-4bb5-9baf-b85d50c5b2dd,1,5730,65,2288,false,2026-09-01T10:24:06.73,Approve-shaped on every measured signal.,w picks up the newly-populated row-376 contribution driven by Enterprises OLEOP.,"enterprises oleop, summary - entire tab and its dependent cells 
"
E_normal,efeb10eb-4ebf-45aa-908d-20b66499047d,1,5760,49,5347,false,2026-09-01T14:53:28.889,Approve-shaped on every measured signal.,ls directly to the corresponding IRR output cells on the DCF & IRR Analysis tab.,"Cleared DCF & IRR Analysis, Inputs & Assumptions."
E_normal,c03d377d-ff0c-4ede-bb05-58ab70cef912,1,5883,169,416,false,2026-08-31T20:31:16.081,Approve-shaped on every measured signal.,"d 0.2, and pull the deal multiple from Inputs & Assumptions into the header row.","Delete tabs: OUTPUT 1 - Investment Dashboard, OUTPUT 2 - AVP Summary, OUTPUT 3 - Valuation, OUTPUT 4 - Operating Results, OUTPUT 5 - Cash Flows, OUTPUT 6 - Facility View"
E_normal,c8122ae2-572f-4c4c-896b-92a0c59ab6e5,1,5904,117,1668,false,2026-08-31T19:26:16.49,Approve-shaped on every measured signal.,lumns showing the implied historical ratio); and SCA Tax Rate Applied (row 137).,"Delete tabs: Pro Forma, CapEx & Depreciation, Existing Facility Debt Schedule
Clear content: Inputs & Assumptions, IS"
E_normal,07fb55f1-ee8f-4ffe-be3a-c2dfd9722667,1,5910,54,3186,false,2026-09-01T15:36:28.648,Approve-shaped on every measured signal.,"f the four historical years, then AVERAGE those four ratios in the final column.","Two tabs added - G-High Level Summary, G – Monthly P&L"
E_normal,392cbf0f-07f5-4eac-b591-5bbdfbd85748,1,5978,169,3340,false,2026-09-01T13:01:56.082,Approve-shaped on every measured signal.,"(row 188 > 0, row 186 × $L$15, 0). No new hardcodes required for this extension.","Clear content: 'INT - Val & Returns'!C114:OS260, 'INT - Val & Returns'!K2, Amortization!M172:V172, Amortization!M185:V186, Amortization!M188:V188, Amortization!M192:V192"
E_normal,1d7aca1e-1710-4589-9f9c-f366585ddcdf,1,5983,73,486,false,2026-08-31T22:58:50.699,Approve-shaped on every measured signal., 1 (indexing off the first forecast year rather than the first historical year).,Removed Financial Summary section on the 2. Financial & Valuation Sum tab
E_normal,ea65206a-730f-457c-91e4-242be3e33b4d,1,6043,223,984,false,2026-08-31T15:58:18.31,Approve-shaped on every measured signal.,"orresponding Year 1 month per-day × (1 + Year 2 growth), and AJ32 = AJ27 ÷ AJ20.","This transition builds the demand engine that everything downstream stands on — converting historical case volumes and working-day seasonality into a monthly volume forecast, then into Year-1 revenue "
E_normal,7b9f45df-a40a-42a3-afbd-d9992d212e8a,1,6045,164,1274,false,2026-09-01T01:54:33.849,Approve-shaped on every measured signal.,"ios, and pod/subtotal SUM formulas — with no new hardcodes required on this tab.","Delete tabs: Base | COH ASC P&L, Base | COH Ancillary P&L, Base | COH MRI P&L, Base | COH DME P&L, Base | COH PT Base, Base | COH PT Consolid. P&L, Base | COH vSign"
E_normal,c711c7e1-2fdf-4a32-a2f9-2d218ea18939,1,6077,32,206,false,2026-08-31T17:41:54.507,Approve-shaped on every measured signal.,nges in equity value; EV FIRU = D21; final delta = FIRU − FIR (1173.7 hardcode).,Clear content: Model!B866:BL1032
E_normal,6e35100e-bff4-4eb1-a5a8-5237d1d6e695,1,6127,68,347,false,2026-09-01T15:21:19.049,Approve-shaped on every measured signal.," equal the prior year's value (carrying forward the Year 1 hardcode of 100,000).","Clear content: IS!A6:R50, Inputs & Assumptions
Delete tab: Pro Forma"
E_normal,05940599-09b8-440e-95d9-4e554acc3aa6,1,6170,49,763,true,2026-09-01T20:14:45.381,Approve-shaped on every measured signal.," Material Terms, and three placeholder creditor rows labeled ""na"" with 0 values.","Delete tabs: Summary, Key Reports, Impact, Form C"
E_normal,d1def115-04e5-4845-9c8b-1dd0e1d1b70b,1,6260,137,312,false,2026-08-31T18:28:59.729,Approve-shaped on every measured signal.,e). The Model Version value 2.5 is unchanged; it simply moves down by nine rows.,"Added two tabs - Sponsor Cash Flow & IRR, Lender Cash Flow & IRR, and added the section of Return table on the Inputs & Assumptions tab. "
E_normal,cdd347b0-0823-46ea-9871-f165be09a06e,1,6307,83,356,true,2026-09-01T06:10:38.548,Approve-shaped on every measured signal.,"y IOI and E-NCI`, link two cells to the Incremental IOI row on `Metrics Output`.","10. Physician Cap Table, 8. Key Metrics, Metrics Output and 8. Financial Bridge tab"
E_normal,02b708e2-3b43-4586-b10c-183b77a37107,1,6343,104,582,false,2026-08-31T16:31:50.182,Approve-shaped on every measured signal.,"EBITDA)/year-5 EBITDA. End with a hardcoded ""End"" marker at the base of the tab.","Delete tabs: 7. Financial Bridge, 8. Pre-Post COVID, 2020 Exp, NPR Change
Clear content: Bayline!B4:CL54"
E_normal,e9e97145-24b5-48a3-a07e-6dd14f01245c,1,6356,53,744,true,2026-09-01T06:06:37.492,Approve-shaped on every measured signal.,e PEARSON of BA3:BA43 against B3:B43 to include the MSCI EAFE cross-correlation.,"Pearsons r, and formula driven section on other tabs."
E_normal,fccbf3e9-e773-48e7-a40d-1e9c20fd0016,1,6379,402,2337,true,2026-08-31T22:52:14.45,Approve-shaped on every measured signal.,"d, and compute XIRR on the Net CF against the dates as the invested-capital IRR.","Removed Return on Invested Capital (Earn Out Structure), Enterprise Value and Multiples, and Present Value of Cash Flows Calculation, Check / Upfront Capital Only, and Invested Capital across Periods "
E_normal,3d566beb-4086-4248-862e-782012ec0e06,1,6474,225,645,false,2026-08-31T19:04:38.898,Approve-shaped on every measured signal.,"- ""&Input!$C$11` so the Input tab title mirrors the company name entered in C11.",Removed Worksheet tab; removed Expected Results tab; removed non hardcoded assumption formulas on the Input tab; removed Percent / Monetary calculation column and formulas in the Operating Assumptions
E_normal,7d188dd8-5faf-4ca6-9d49-e998259f65fa,1,6531,202,535,false,2026-08-31T22:31:49.029,Approve-shaped on every measured signal.,come Attributable to Cedarbrook subtotals extended across the projected columns.,"Clear content: Operating!A635:J767, Operating!F139:J149, Operating!F156:J156, Operating!F172:J177, Operating!F214:J215, Operating!F232:J232, Operating!E458:J465, Operating!F474:J474, Operating!E478:J4"
E_normal,8c74f458-c3aa-4bf4-a473-a77f9bb0ab62,1,6557,852,236,false,2026-08-31T22:57:59.187,Approve-shaped on every measured signal.,ician Owner row dividing each column's Equity Purchase by physician-owner count.,"Removed MSO (Managment Company) - Venture Capital Valuation Method, Practice (Professional Corporation) - Venture Capital Valuation Method, Key Metrics, and Capital Outlay Roll Up sections on the Valu"
E_normal,34e65e0e-a8c3-49d3-b33d-5b1cb16a1fae,1,6570,967,526,true,2026-08-31T20:07:01.923,Approve-shaped on every measured signal.,k below the peer transactions for the Implied EV/EBITDA and Implied P/E columns.,Removed non hardcoded assumptions in the Equity Value section of the EVA Model tab; removed non hardcoded assumptions in the Continuing Value (tied to DCF Gordon Growth Terminal Value) sections on the
E_normal,04cb21d3-1a9f-43e9-8aa8-ebc2bd8a5af3,1,6618,173,352,true,2026-08-31T21:43:51.804,Approve-shaped on every measured signal.,d the upstairs presentation block (rows 5–30) that mirrors labels and values up.,"Delete tabs: OUTPUT - Assumptions, OUTPUT - Phase I, OUTPUT - Phase II, OUTPUT - AVP Summary, OUTPUT - External View, OUTPUT - Acquirer Leverage Impa, OUTPUT - PP Statistics"
E_normal,d73b8b79-d867-4f0b-a60d-d2f8e4c2e15d,1,6652,108,1771,false,2026-09-01T10:57:53.142,Approve-shaped on every measured signal.,e price to compute Upside Potential as (Equity value/share ÷ current price − 1).,"dcf valuation, common size statement tab , balance sheet tab entirely and 2026-2035 numbers of cashflow tab
"
E_normal,953ced4a-3aec-409f-85e0-4eff1c5175ae,1,6668,83,348,true,2026-09-01T15:19:06.852,Approve-shaped on every measured signal., Provider A and Provider B productivity comp rates are hardcoded at 65 per wRVU.,"Complete the two tabs - Combined Proforma – BASELINE, Combined Proforma - BREAKEVEN"
E_normal,a931e10b-a2ce-4ebd-bc61-4ed0a6c48107,1,6680,87,2413,false,2026-08-31T21:46:19.704,Approve-shaped on every measured signal.,"e Non-Consolidated E-NCI (IF(ISNUMBER(...),...,...)) across all monthly columns.","Delete tabs: OUTPUT - One-Page Model, OUTPUT-Facility & Acquirer Cash, OUTPUT - Monthly"
E_normal,90b86cf2-0aef-4ffe-8f02-f889c2447368,1,6682,77,723,true,2026-09-01T06:07:51.454,Approve-shaped on every measured signal.,"s the high), so the football-field chart pulls the newly built comps valuations.","Profit & Loss, Balance Sheet, Balance Sheet, Quarters, COMPS_VAL and DCf tab."
E_normal,17a8458f-4e1f-42c1-abbc-bf6e8d9f7b17,1,6700,32,5565,true,2026-09-01T13:14:44.217,Approve-shaped on every measured signal.,TION − ACCOUNTS PAYABLE DURATION + ACCOUNTS RECEIVABLE DURATION for each column.,Cleared formulae in the workbook
E_normal,cfd603d7-cfce-4222-b081-03e0f5c0d8b2,1,6796,149,299,true,2026-09-01T17:25:39.566,Approve-shaped on every measured signal., Table populates the grid by substituting the Volume and Rate assumption inputs.,"Delete tabs: SCA Cash Flow & IRR, OUTPUT - Valuation Views, LOI Ownership, LOI Pricing
Clear content: Inputs & Assumptions!D71:K99, Pro Forma!B41:I41"
E_normal,7047ad87-069b-468d-bb26-d319104022ae,1,6820,50,654,false,2026-09-01T17:39:26.675,Approve-shaped on every measured signal.,"ootnotes area noting ""(1) Reflects SCA earnings CAGR for pro forma period only.""","Clear Content: Pro Forma, Inputs & Assumptions, IS"
E_normal,5e62a2fe-799d-4409-8d1a-ddd710f97680,1,6939,883,4843,false,2026-08-31T22:55:13.387,Approve-shaped on every measured signal.,"orthstar Specialty Pipeline Ex, add a cell pulling the levered IRR from DCF V32.","Removed Returns Table (ROIC and IRRs based on Upfront Payment), Return on Invested Capital (Earn Out Structure), Present Value of Cash Flows Calculation, Invested Capital across Periods, Enterprise Va"
E_normal,56bd2c85-6c18-42ce-ba8d-7dec97cd2ba9,1,7017,196,645,true,2026-09-01T13:28:55.933,Approve-shaped on every measured signal.,nHigh cells cross-link to the paired Low/High cells to render the floating bars.,"Cleared formulae across DCF, Company Valuation, Comps Data, Football Field Analysis, WACC, Intrinsic Growth, Peer Comps, Cedarbrook Beta, Market Return, Peer Auto 1 Beta, and Peer Auto 2 Beta tabs"
E_normal,d689b174-e123-4eef-991c-43df47982113,1,7049,79,944,false,2026-08-31T21:45:11.063,Approve-shaped on every measured signal., to divide the respective totals by the Volume row for each of the five periods.,"Clear Content: IS, HIST IS, BS, Physician, Payor, Ownership,  Historical Volume"
E_normal,ffc15df8-62c9-4395-b58f-19fb5a4902b7,1,7096,174,5872,false,2026-09-01T12:29:36.509,Approve-shaped on every measured signal.,is feeds row 28's Base amortization formula and closes the loop back to the P&L.,"Delete tabs: BASE - P&L, BASE - Incr Vol Build, BASE - Val & Returns
Clear content: Amortization!G28:L28, Amortization!G34:L34, Amortization!F114:N166, Amortization!F202:V232"
E_normal,072939b3-f093-4fbf-a193-8f3ad7461ecf,1,7213,82,1078,false,2026-09-01T06:15:12.116,Approve-shaped on every measured signal.,the Dynamo export now sources physician attributes from the amortization roster.,"Amortization tab completely, Volume Summary tab and dependent cells on other tabs."
E_normal,be60edee-ddba-4ea2-8197-742d892e0bb5,1,7290,52,266,true,2026-08-31T21:11:09.366,Approve-shaped on every measured signal.,"inner is active; A67 outputs ""Optimised for: "" concatenated with the goal label.",Cleared contents across Dashboard and Optimizer tabs
E_normal,fc6ded3e-6ae8-444f-976e-1c297aa1d1db,1,7324,149,2932,false,2026-09-01T11:08:44.029,Approve-shaped on every measured signal.,EX as (Closing CWIP + Closing Net Block) − (Prior CWIP + Prior Net Block) + D&A.,"profit and loss statement, cost build up, Debt Schedules, working capital, bs items -  entirely  and 2026-2035  numbers of revenue build and FAS tab "
E_normal,cf052c64-e482-4c9c-963f-951bf025d47d,1,7326,58,638,false,2026-08-31T16:45:26.689,Approve-shaped on every measured signal.,h-multiple result from each of the three views pulled into three parallel cells.,"Acquirer Cash Flow & IRR is removed along with dependents
"
E_normal,2f25a60b-e00e-4212-98db-dc7239e39280,1,7416,535,977,false,2026-08-31T20:11:13.316,Approve-shaped on every measured signal., anchor cell pulling from Cash on the Balance Sheet in the last historical year.,Removed non hardcoded assumptions and line items on the Equity Breakdown tab; removed non hardcoded assumptions and line items on the Intangible Assets Schedule tab; removed non hardcoded assumptions 
E_normal,abd59dc2-3502-4613-91e5-23a6ec13cca1,1,7459,170,1503,false,2026-09-01T16:05:09.178,Approve-shaped on every measured signal.,"g days"", ""Assumptions developed by Dev & Ops"", and ""N/A"" for the remaining rows.","Cleared 3. Returns & Metrics, 4. Assumptions (Yrs Post Close), 4. Assumptions (Calendar Yrs), OUTPUT - Pro Forma, Development Earnings, Ops Budget, Valuation Assumptions."
E_normal,601a6f42-8d27-4ec6-91d8-628d1df05c37,1,7491,188,389,false,2026-09-01T12:13:27.47,Approve-shaped on every measured signal.,ew KPIs and the per-tab KPIs on the three period tabs and the Go-Forward column.,"Delete tabs: 7.21 Output View, Upd. Fin. Output_Ann. Mar, Upd. Fin. Output_Ann. May, Updated Financials Output_TTM, Monthly Overview, Physician Output TTM, Volume Output, Scenario Selector"
E_normal,706161cd-d178-4574-89c7-4ff28401c020,1,7510,35,13319,false,2026-09-01T12:16:39.271,Approve-shaped on every measured signal.,"PR, and a Volume Check (row 66) comparing base-case Volume to summed LAR volume.","Delete tabs: LAR Summary, LAR - I&A"
E_normal,9fd66093-40f8-4f7f-9aed-9d9021a27272,1,7525,66,146,false,2026-08-31T15:13:21.186,Approve-shaped on every measured signal.,"l NPR / Total Volume, Total SWB / Total Volume, and Total Supply / Total Volume.",Builds out the Valuation & Contribution and Resyndication scenario
E_normal,2aa8b1c2-7521-454e-b4c7-09e00b142087,1,7553,38,13331,false,2026-09-01T06:16:12.037,Approve-shaped on every measured signal.,AR Summary` (row 9) that simply echoes row 45 into a header band for visibility.,"LAR Summary, LAR - I&Q tab completely."
E_normal,b76db193-b1ab-4837-896f-5798f5722239,1,7557,18,3358,false,2026-09-01T10:18:09.47,Approve-shaped on every measured signal.,"riod. Add a final ""CF BFO"" row pulling Ratio row 31 with a horizontal SUM total.","DTF tab entirely 
"
E_normal,72815287-8ad4-4681-9886-405a6b7b4685,1,7601,68,495,false,2026-09-01T06:15:34.799,Approve-shaped on every measured signal.,"pEx per column, and Distributions per 1% = Distributions / 100 (TTM and Future).","Valuation Summary, I&A Summary, Run Rate Atlas Health Value Bri tab."
E_normal,59393fd4-15ba-456b-9042-d853065d4c20,1,7653,70,2649,false,2026-09-01T06:14:56.681,Approve-shaped on every measured signal.,"e + Sale, Proceeds = −Sale × I6, with a totals row (row 23) summing each column.","Phys Proceeds, Phys Proceeds table, Deprec. Calc, and Managed care Tab"
E_normal,2378305a-efeb-401d-9a38-bc0796d63e1f,1,7799,86,610,false,2026-08-31T15:49:52.287,Approve-shaped on every measured signal.,"date from Inputs & Assumptions, a ""YTD to Close"" label, and a ""Close-Dec"" label.","Delete tabs: Adjusted Financials, Physician Inputs
Clear content: Inputs & Assumptions"
E_normal,a61329be-db9b-4b32-ba08-3ca3b1093191,1,7810,193,2245,false,2026-09-01T01:47:46.585,Approve-shaped on every measured signal.,"BITDA Less NCI + Other Op Income + Other Op Expense, with % Growth and % Margin.","Delete tabs: Base | Region A ASC P&L, Base | Region A Anc. P&L, Base | Region A MRI P&L, Base | Region A DME P&L, Base | Region A PT Consolid., Base | South. OH Other Anc. P&L, Base | SOH vSign"
E_normal,490ad180-4522-4f9b-b4b9-d3883264b29b,1,7866,90,353,true,2026-09-01T06:15:15.707,Approve-shaped on every measured signal., off the market cap in `DCF and Peer Valuation` C36 and enterprise value in C51.,"DCF Method 2,DCF Method 1, DCF and Peer Valuation and Economic Profit Valuation Model tab."
E_normal,1ee838f2-3e3f-4655-8830-84e38e81302c,1,7941,65,386,false,2026-09-01T14:43:39.046,Approve-shaped on every measured signal.,"on table (Multi‑Specialty 200000, SXH 300000, Single 150000, Multi‑Site 400000).","Cleared Inputs, Calculator, Summary Output, Inputs & Assumptions."
E_normal,7ba83d83-518a-4836-aea8-a66be5521bbe,1,7955,42,1054,false,2026-08-31T16:49:13.357,Approve-shaped on every measured signal.,s S19:S27 reference range) to pull annual SWB into the working-capital schedule.,Pro Forma is removed along with dependents
E_normal,ee944e4c-94c7-4fe0-961f-ace7bf09423a,1,7999,66,584,false,2026-08-31T23:09:50.726,Approve-shaped on every measured signal.,gainst Cover Page G6 pulling the corresponding case label from Cover Page H7:H9.,"Clear content: Operating, PPE and CAPEX, Assumptions, Depreciation"
E_normal,2684df5d-9391-4120-8343-5b092985b523,1,8024,41,892,true,2026-09-01T12:20:20.799,Approve-shaped on every measured signal., an implied 25–29E EBITDA CAGR helper column computed as (F/25E EBITDA)^(1/4)–1.,"LBO Model tab (formula driven sections).
"
E_normal,736eee45-77e4-4ad4-a466-ebdf19a0f48c,1,8122,199,995,false,2026-09-01T01:02:14.739,Approve-shaped on every measured signal.,"ions, pre-ownership) and NCI Supply Savings = Consolidated − Ownership-Impacted.","Delete tabs: INT | Supplies Savings Synergy, INT | SOH Clinics, INT | COH Clinics, INT | Incr. Region C Clinics, INT | Incr. SOH ASC, INT | Inr. SOH Clinic, INT | Incr. COH ASC, INT | Inr. COH Clinic"
E_normal,e436808a-f182-4838-bf56-dafedfe37895,1,8168,108,3225,false,2026-09-01T16:05:12.773,Approve-shaped on every measured signal.,"Revenue/Days, SWB/Days, Supplies/Days as C16/C50, C19/C50, C20/C50 respectively.","Delete tabs: Incr. & Decr. Build, Historical Summary
Clear content: I&A!C43:F58, I&A!C83:D100, I&A!C107:C111"
E_normal,1ebee744-f319-46bc-bf8b-ffe51f25b37e,1,8190,98,439,false,2026-08-31T17:49:32.441,Approve-shaped on every measured signal.," P/E (17)"" helper column that recalculates the 2017 P/E at each stress multiple.","Delete tab: New terms calcs
Clear content: Model!B797:BL862, Model!K49:K50, Model!AD61, Model!W138"
E_normal,e7ad7081-e481-4e6d-a244-be09a3a967e7,1,8351,63,1942,false,2026-09-01T06:08:15.03,Approve-shaped on every measured signal.," Weight, sourcing the equity and debt weights from the target capital structure.","Intrinsic growth, Beta, Ratio Anlayis, WACC, HistoricalFS tab.
"
E_normal,a61d7179-bc1c-4f48-8ca0-b3a0dda193be,1,8457,253,2724,true,2026-09-01T00:55:36.805,Approve-shaped on every measured signal.,"vings ASC NCI (from INT | Supplies Savings Synergy row 91), summed to Total IOI.","Delete tabs: Financial Summary, INT | Consolidated P&L, INT | CapEx & Depreciation, INT | Integration Expenses, INT | Physician Add Synergy P&L, INT | Physician Syn. Incr. MSO, INT | Incr. Rent, Suppl"
E_normal,d7d73ffc-80a7-4b89-ad31-e00a4d1d4b7b,1,8574,57,272,false,2026-09-01T15:47:03.714,Approve-shaped on every measured signal.,"tiple), one built off the unlevered IRR and one off the levered/no-discount IRR.","Delete tabs: HealthSys Base Pro Forma, HealthSys Base DCF"
E_normal,429ddff7-0f57-4cf9-8b02-fea8586f77fd,1,8690,277,5206,false,2026-09-01T20:44:46.656,Approve-shaped on every measured signal.,ow 98) so those rows align with the existing pattern of a run-rate check column.,"Removed non hardcoded assumptions within the Check Formulas, KEIs, Expenses per Patient Day, Expenses per Equivalent Admission, Expense Ratios, Margins, Y/Y Growth, GAAP Build, and Income Statement se"
E_normal,8bc7720c-9f6b-4947-a582-a991605a030e,1,8717,287,1451,false,2026-08-31T20:12:07.368,Approve-shaped on every measured signal.," Revenue and forecast on a rolling 6-year AVERAGE, to support forecast buybacks.",Removed non hardcoded assumptions and line items on the Balance Sheet Breakdown tab; removed non hardcoded assumptions and line items in the Income Statements section on the Financial Statements tab; 
E_normal,ea977dc5-bce1-4021-9743-ac686da63fef,1,8779,63,827,true,2026-08-31T22:01:15.888,Approve-shaped on every measured signal.,"A/NM readings on individual peers (Redstone PEG = ""NA"", Redstone EV/FCF = ""NM"").","Delete tabs: DCF, Summary
Clear Content: Comps, Cost of Capital"
E_normal,14e47c1b-8d63-4f38-9b17-d33268e6cad9,1,8888,85,641,false,2026-09-01T06:15:59.288,Approve-shaped on every measured signal.,on add-back-related line to the negative of the intangibles amortization output.,"Ratio Analysis, Lease Schedule (row 50 and below), Intangible Assets and Goodwill tab"
E_normal,4742d467-8694-49bb-a004-21f3536366c1,1,9090,90,18866,true,2026-09-01T15:36:56.956,Approve-shaped on every measured signal.,"lines, and × `G - Other Assumptions`!$B$13 for the four IP Licensing Deal lines.","Added two tabs G - Sales-Mktg-Dev and G - Rev Calc, and completed the tab G - Mobile Title"
E_normal,478baae0-862e-4fa4-9b9e-2fabc2f6cc66,1,9098,106,957,false,2026-09-01T16:00:51.734,Approve-shaped on every measured signal.,to the underlying EV formula so Excel's data-table mechanism populates the grid.,"Delete tabs: Partner Int. Pro Forma, Partner Int. DCF
Clear content: I&A!A125:M167, I&A!A218:M261, I&A!C18"
E_normal,f9dbac06-1276-4e8b-9b94-eabb18ee6504,1,9098,188,14924,true,2026-09-01T18:29:14.372,Approve-shaped on every measured signal.,"om `'8. R&M'!Q46:Q49` and `T46:T49`. Row 13 concatenates Name as `=B13&"" ""&C13`.","Cleared formulae across 7. Assum, 9. AA, 8. Financial Bridge, ASC Utilization, Practice D&A, Reported BS & SCF, Dynamo Deal Import, Dynamo Physician Import, LAR Summary, and LAR - I&A tabs"
E_normal,393bff95-3ca9-4d21-bac3-3d606b12a888,1,9160,92,1062,true,2026-09-01T15:36:41.714,Approve-shaped on every measured signal.,)!J123) to derive Implied Value of Northstar's Equity vs. I&A!C41 with variance.,"Delete tabs: 4. Financial Summary, 5. DCF, Profile Chart - Updated, Profile Chart - Original"
E_normal,c21fa65a-c217-48c8-a861-206d90d5f349,1,9208,257,5646,false,2026-09-01T20:44:05.531,Approve-shaped on every measured signal.,"odes, and converts Bull to Base − Step and Bear to Base + Step (Step value 100).","Removed non hardcoded formulas on the Drivers tab; Removed Admissions, Inpatient Revenue per Admission, and Outpatient Revenue (% of Total) subsections on the Scenarios tab; removed linked headers and"
E_normal,4f8441c6-a6c9-4298-8350-b072f2aa669e,1,9309,139,3177,false,2026-08-31T22:50:43.159,Approve-shaped on every measured signal.,"+ Existing for each case, so downstream P&L pulls a fully-built number per year.",Builds the projection & valuation engine (both Interim and Base scenarios) with the interdependent depreciation and amortization schedules.
E_normal,599b6306-679f-41cf-9d66-6f2b621d8217,1,9359,72,918,true,2026-09-01T15:56:47.931,Approve-shaped on every measured signal.,"1–24 header and SUMIF pattern for Monthly IOI, pulling from `Pro Forma` row 141.","Cleared 2. Financial & Valuation Sum, Key Metrics Box, Pipeline Extract."
E_normal,ddeaff1e-2f87-4a14-8e0f-02f41107900d,1,9375,162,731,false,2026-08-31T18:25:41.861,Approve-shaped on every measured signal.,"= C7 − C9 (net distributable equity), and C15 = C11 × C13 (partner-share value).","Builds the investor-facing output layer — translating the engine's cash flows and the amortization schedule into per-physician economics, partner pro formas tabs."
E_normal,9414bc28-d667-4ddb-9b72-9f553cc5406d,1,9395,120,1397,false,2026-08-31T20:39:24.611,Approve-shaped on every measured signal.,nual Cap Escalator; RBO Fee carried across all five years from the Year-1 input.,"Delete tabs: Pro Forma, CapEx & Depreciation
Clear content: Inputs & Assumptions!F12:K84, Inputs & Assumptions!B137:J159"
E_normal,6a31480b-075d-4854-bfb0-6598b665fd45,1,9418,178,1311,false,2026-09-01T01:40:43.167,Approve-shaped on every measured signal.,"l Physicians and % Margin as EBITDA / Professional Fees, plus % Growth wrappers.","Delete tabs: Base | Consolidated SOH, Base | Consolidated COH, Base | Consolidated Region C, Base Consl. vHardcode, Base | Consl vSign, Base | Pipeline P&L, Base | Clinic 001 P&L"
E_normal,c1dd2cc7-184f-4b77-8465-04cb7bd5230e,1,9431,94,624,false,2026-08-31T16:49:04.872,Approve-shaped on every measured signal.," & exp` M10, so the capture schedule is driven by the new physician-level build.","Revenue Changes, Incremental Rev & exp, Inputs & Assumptions is removed along with dependents
"
E_normal,d468c4ab-a54d-46df-90ae-8932a3ce74e7,1,9433,190,973,false,2026-09-01T14:26:45.408,Approve-shaped on every measured signal.,lumn; and add a Bad Debt Gross-Up cell equal to `Normalized Financials` J9 × 2%.,"Delete tabs: CPT Analysis, L6M CPT Analysis, Incremental Volume, Normalized Financials, Financials Output, Physician Output, Updated Physician Volume
Clear content: 'Vol & Fin Inputs'!A7:X57"
E_normal,d83a88dd-0b7b-4448-8527-2944685a392a,1,9439,157,66066,false,2026-09-01T14:52:59.738,Approve-shaped on every measured signal.,s at C427:K427 that reverse-search the P&L header for the last populated period.,"Cleared P&L Builds, Payer Ramps, CapEx & D&A Schedule, Debt Schedule, Balance Sheet Schedules, P&L, Cash Flow Statement, Balance Sheet, Inputs & Assumptions."
E_normal,f99123da-d14d-4324-96a0-ce1c3921dec3,1,9884,209,14121,false,2026-09-01T16:35:32.802,Approve-shaped on every measured signal.," / Case Comparison Summary"" at B10, and the ""Top 7 specialties only"" note at D5.","Cleared Project Atlas source Data - Mod, Volume by Spec - Region A, IS - TTM Apr26, BS - Apr26, Vol & Fin Inputs, Utilization, Summary Vol Migration 6.5.26, Project Atlas Vol Migration, Supply Cost Co"
E_normal,d243f0c2-082c-447e-90ef-de76d6930e9b,1,10019,154,763,false,2026-08-31T20:36:01.738,Approve-shaped on every measured signal.,nd Effective Multiple) feed the Summary Returns block on `Inputs & Assumptions`.,"Delete tabs: Cedarbrook Holdings Cash Flow &, Cedarbrook Holdings Debt Financ
Clear content: Inputs & Assumptions!F86:K108, Inputs & Assumptions!B178:F182"
E_normal,43f5fc8c-cdb2-432f-a1c7-614167e8aec4,1,10105,48,2235,true,2026-08-31T20:09:44.98,Approve-shaped on every measured signal.,/ exchange rate; Total IC = Net PPE + NWC; ROIC = EBITA × (1 − $M$3) / Total IC.,Completed the two tabs - operating model and DCF
E_normal,78d79a0f-f8bb-4ff1-b68e-cc807c1b7a7d,1,10199,200,2772,false,2026-09-01T01:24:27.133,Approve-shaped on every measured signal.,"forecast years, and apply Stub Impact of 1 to reach Total Realized Depreciation.","Delete tabs: Base | Consolidated P&L, Base | MSO Overhead & Fee, Base | Investment Income, Base | CapEx & Depreciation, Base | New M&A P&L, Base | Investee 002 Center Buil, MGMT | CapEx & Depreciation"
E_normal,6ff6e25e-d1da-4234-842b-423959c16fba,1,10367,200,1757,true,2026-08-31T15:21:23.774,Approve-shaped on every measured signal.,"ncome = EBITDA – D&A – Interest – other. Add ""Notes:"" placeholder at the bottom.","Delete tabs: 2. Financial & Valuation Sum, 3. Returns & Metrics, 4. Assumptions (Yrs Post Close), 5. Assumptions (Calendar Yrs), Key Metrics Box, Ops Budget
Clear content: Valuation Assumptions!H5:J12"
E_normal,a5fee93e-50ad-45b0-a41a-7c436718652d,1,10639,137,9595,false,2026-09-01T15:44:39.887,Approve-shaped on every measured signal., input (value 0) and the derived multiple = buyout × `'Vol & Fin Inputs'!$O$27`.,"Cleared Amortization, Deprec. Calc, Volume Ramp, INT - Incr Vol Build, BASE - Incr Vol Build, INT - P&L, BASE - P&L, INT - Val & Returns."
E_normal,b0d08194-bdcd-46b2-b1a4-fe6f678bf020,1,10647,206,9834,false,2026-08-31T18:53:01.138,Approve-shaped on every measured signal.,"2; add D34 (Margin %) = IFERROR(D33/D31, 0); add D37 check = D29=Calculator!F60.","Delete tabs: Pro Forma - Int, D&A & Debt - Int
Clear content: I&A!U59:AE64, I&A!G76:L76, I&A!G125:G126, Inputs!D11/D17:D20/D29:D30/K27, Summary Output!D11:D37 (linked rows), Calculator!F21:L66 (linked"
E_normal,bb0c800d-c724-462f-a75b-e0e50d48b671,1,10680,191,16667,false,2026-08-31T18:35:52.197,Approve-shaped on every measured signal.,red Cash from `Pro Forma - Int` row 129 (the Facility total) instead of row 119.,"Delete tabs: Non-Compete Amort - Int., Mgmt Agreement Amort - Int., D&A Calculator Inputs - Int., DCF & IRR - Int
Clear content: D&A & Debt - Int!H11:CH17, Pro Forma - Int!F72:CZ194, I&A!E165"
E_normal,a1a80071-895a-4e18-80ca-106f73e272c5,1,10853,116,1067,false,2026-09-01T06:17:39.946,Approve-shaped on every measured signal.,ash seeded from the last historical Cash line to anchor the first forecast BoP).,"PP&E Schedule (roe 16 and below), Financial Statements and Income Statements Breakdown tab and other dependent cells"
E_normal,0ad44f5e-1c76-4401-9144-9f9914bc0f0a,1,10913,78,12976,false,2026-09-01T20:10:49.229,Approve-shaped on every measured signal.,"344 for < 0), and Net PP&E stays above zero (COUNTIFS Forecast row 361 for < 0).","Delete tabs: Statements
Clear content: Forecast!B251:DK438,Get Started!B14:D20"
E_normal,b870b699-5e43-4301-a4d6-0702d055b31c,1,11138,98,13369,false,2026-09-01T10:01:31.146,Approve-shaped on every measured signal.,f which REGION 001` and `of which REGION 002` splits carried through each block.,"0-General Data, 1-Revenue, 2-Costs, 3-Investment, 4-Depreciation, 5-Royalties- all tabs entirely

"
E_normal,caac96ee-ee52-4cfa-938b-72f6aed47093,1,11148,105,1214,false,2026-08-31T16:45:29.388,Approve-shaped on every measured signal.,rence between final Pro Forma year and I&A close-year (with a Jan-1 adjustment).,"Delete tabs: 3. Profile, 4. Fin & Val Summary, 5. Integrated Case, 6a. Returns & Metrics, 6b. Assumptions"
E_normal,45b5d0e5-d84a-4f38-95c4-41478030285c,1,11190,32,694,false,2026-08-31T23:03:17.537,Approve-shaped on every measured signal.,brook = Income Before Taxes + Income Tax + Income From Equity Investments + NCI.,Clear content: Operating!F9:J205
E_normal,9de6b42d-f8d5-42b9-b2ca-1ed8da989b18,1,11668,73,922,true,2026-08-31T20:47:05.023,Approve-shaped on every measured signal.,"t-historical-revenue, and difference formulas T−S for the pandemic-switch panel.","Cleared formulae across KPI, Comps, Industry, Ad ROI, and Simple P&L tabs"
E_normal,a17dd78f-8244-4bc5-ab45-c313b7d78090,1,11961,42,5267,false,2026-09-01T13:32:33.596,Approve-shaped on every measured signal., reference the Data Sheet Company Name so tab titles update from a single input.,Cleared remaining formulae in the workbook
E_normal,b7f300f9-e5bc-4533-bb18-e9b6295c8676,1,12799,91,1510,false,2026-09-01T15:36:07.182,Approve-shaped on every measured signal.,"Cascade Health Holdings Pre-Tax Operating Earnings reflect partial year impact.""","Cleared 3. Deal Execution, 4. Profile, 5. FinSum, 6. Int, 7. Assum, 8. R&M, 8. Key Metrics."
E_normal,41623d94-eb84-4c0a-ae02-564f6035ae8a,1,13431,152,2917,false,2026-09-01T01:18:34.774,Approve-shaped on every measured signal.,ted build is `13c3f7ed7d5e41be92746b26cde29896-1788224710052_08.30_26_N-2.xlsx`.,"Delete tabs: INT | Incr. Region C ASC, INT | Inr. Region C Clinic
Clear Content: Corp Dev BS Impacts, Corp Dev P&L Impact, HC Expenses, Incident To Risk"
E_normal,4312b7a6-a8b4-45c6-9603-1ebae8181768,1,13619,280,2639,true,2026-09-01T12:10:08.038,Approve-shaped on every measured signal.,"s'!H112`), IYC IOI (`'8. Key Metrics'!E5`), and FYC IOI (`'8. Key Metrics'!E6`).","Delete tabs: 3. Deal Execution, 5. FinSum, 6. Int, 7. Assum, 8. R&M, 8. Financial Bridge, 8. Key Metrics, 9. AA, 10. Physician Cap Table, I&A Summary, Pro Forma Output, Valuation Summary, Volume Summa"
E_normal,dff030df-30ea-42d7-9d08-e866a74bf3a8,1,13690,20,3336,false,2026-08-31T18:04:27.976,Approve-shaped on every measured signal.,chedules that feed the corresponding onshore/offshore/SH/capex debt calcs above.,Clear content: Model
E_normal,eb71af81-a941-4846-8f5e-d306e9148e4a,1,14539,42,3134,false,2026-08-31T20:52:02.055,Approve-shaped on every measured signal.,21/row 9 for construction; YoY% columns F/G for all gross-profit and cost lines.,Cleared remaining formulae in the workbook
E_normal,dca7a57c-9276-4ddb-ac76-3f6e6a8bc4ba,1,14637,75,7991,false,2026-08-31T23:08:33.251,Approve-shaped on every measured signal.,"pulling from E8.
- On `LAR Summary`, add the AB25 tie-out formula `=AB24 − C24`.",Builds the projection & valuation engine (both Interim and Base scenarios) 
E_normal,ae1f0d20-d707-486c-ab48-505dc7e96a11,1,15319,217,2795,false,2026-09-01T14:56:20.349,Approve-shaped on every measured signal.," count H, monthly = H/12 in I, weekly = I/4 in J; per‑OR benchmark L23 = 276/30.","Cleared Inputs & Assumptions, Key, Scenario Selector, Construction Costs, Equipment Costs, CBR - Supply Savings, Volume Opportunity, Facility Layout, Payor Mix, MC Summary, 2026 Northstar Surgical Par"
E_normal,f4082805-7223-4d01-b505-17c98552daf0,1,15524,88,495,true,2026-09-01T15:20:52.243,Approve-shaped on every measured signal.,"nto the Name field, and set E13 = 'Dynamo Deal Import'!$A$2 to tag the facility.","Cleared Inputs, Calculator, Summary Output, Dynamo Deal Import, Dynamo Physician Import."
E_normal,ce3adf8a-a904-4ad8-9142-45904478d50b,1,15643,318,2660,true,2026-09-01T14:38:58.189,Approve-shaped on every measured signal.,"A checks in HR6:HX6 (`0, 0, -206952.7, 605858.6, 651690.9, 715777.3, 784201.7`).","Cleared Deal Repository Deal Import, 2. Financial & Valuation Sum, 3. YR1, Cap Table, & MD ROI, 6. Assumptions, 8. Payer Ramp, Summary PF - Simplified, Summary PF - Simplified (Adviso, Summary PF, Pro"
E_normal,ae7bc593-fdc3-4152-8209-05c554cb843b,1,17358,458,3467,true,2026-09-01T16:06:19.105,Approve-shaped on every measured signal.,"actice Revenue rows), so downstream Dynamo import can key off consistent labels.","Cleared 3. Deal Execution, 4. Profile, 5. FinSum, 6. Int, 7. Assum, 8. R&M, 8. Financial Bridge, 8. Key Metrics, 10. Physician Cap Table, Scenario Selector, RPP Equity Swap Output, Distributions - RPP"
