source_file_id,filename,in_queue,siblings,siblings_sota_scored,sib_too_easy,sib_hard,sib_cancelled,sib_delivered
b6319222-4843-47ae-bada-9cde89b0c93c,08.30_26.xlsx,7,0,0,0,0,0,0
a92f2a40-1be5-4ddc-89f6-34775b80ce64,08.31_43.xlsx,6,0,0,0,0,0,0
48eda66a-1656-4486-a5da-6af39ae76091,08.30_24.xlsx,6,1,0,0,0,0,0
79c148b8-9ab7-4942-9eb4-3fcbe36a23a6,bd4473713dd44472a1041886cd06779c-835b189dd2f84aec9727293f935885ae-1788027061417_20_06_10_-_OMG_Practice_Pro_Forma_v08.redacted-hygiene.xlsx,6,0,0,0,0,0,0
135284ba-a011-4029-89ab-1ea0204accae,08.31_63.xlsx,6,1,0,0,0,0,0
2178a625-6144-43e9-a895-23af65054522,08.30_48.xlsx,6,1,0,0,0,0,0
5b00762f-1b2c-4036-b304-c4cd71eed2ee,08.30_37.xlsx,5,1,0,0,0,0,0
27d8cda3-69c2-41d2-901b-415068f185a1,08.30_21.xlsx,5,2,0,0,0,0,0
384f42ad-0798-454e-b255-9fbdf737ce14,08.30_02.xlsx,5,0,0,0,0,0,0
92828a9f-006f-4fc4-a464-35d94ffe75c7,08.29_29.xlsx,5,2,0,0,0,0,0
40300ae4-3965-4fca-94af-49634f6dd4ff,08.31_73.xlsx,4,0,0,0,0,0,0
7c461bed-9651-4f68-8c36-c8191c9f8a53,08.31_64.xlsx,4,0,0,0,0,0,0
903c23dd-ab92-4c94-9863-f464195c0bed,6e28e84936b34ad487f627c589201220-b81b811b5b4d47f8989a976d31739eaa-1787620662905_MFESC_-_Model.redacted-hygiene.xlsx,4,2,0,0,0,0,0
34ccfa45-1b66-4cf1-970d-c42830e74e13,08.30_50.xlsx,4,1,0,0,0,0,0
1454304a-c20a-4bf3-bb4a-2fcd8360a6bf,08.30_40.xlsx,4,1,0,0,0,0,0
b4634568-3cc5-43e2-8fdc-72c8d93cb1f7,08.31_44.xlsx,3,2,0,0,0,0,0
40e26f63-054d-4dcc-9019-b7a05dbdff45,08.29_163.xlsx,3,0,0,0,0,0,0
62a8bdb0-53c0-4ba0-8941-d5f17f36a796,f73a4dc4978d4671bf93d22a3a06131c-8015dc1ed9024560996044e0581f3645-1788053248697_16_11_18_-_Fremont_ASCs_Merger_Model_v7.redacted-hygiene.xlsx,3,2,0,0,0,0,0
646def84-2e59-48cc-8bb7-ac49a0a4ce3c,17a27ed69a90430fa7cf07e2ab60e4ef-68d650c1d396424ca932e2c2a624e0f2-1788036056340_DCF_Model.redacted-hygiene.xlsx,3,0,0,0,0,0,0
ecd6f54a-5ea8-4f9b-801c-d5d1ba3f64d5,08.29_117.xlsx,3,2,0,0,0,0,0
252055cf-eb05-4e4a-b90a-9c30506daaf4,fa97f5a6054c485186b23af503a42e35-f2a3a55a4a8044d59353635e7287778a-1788028784207_24_24_25_-_SCENT_ASC_Acquisition_Model_v1.redacted-hygiene.xlsx,3,2,0,0,0,0,0
744bb5e6-cbb8-4492-8263-22a0d84681b0,08.31_03.xlsx,3,0,0,0,0,0,0
fcc15667-0ca2-49ad-a3d6-02d1e70f9fa4,08.31_10.xlsx,2,0,0,0,0,0,0
2a89dcd8-3005-4abb-a295-bb86927564f5,08.30_59.xlsx,2,3,0,0,0,0,0
4d28ab21-ad4b-4d5d-8be3-4e19ebe78692,6a9e8983823d47b89c43fd824105a20d-5db6780fcc524ef4bd2bb61038258f4e-1787702866428_Golden_Response_HCA_model_1Q26_Prep.redacted-hygiene.xlsx,2,3,0,0,0,0,0
66ca5ada-8b1a-45be-92bf-8251f6b167cb,08.30_06.xlsx,2,0,0,0,0,0,0
7e099cfe-102d-40fa-aa15-1745ba56b081,08.31_130.xlsx,2,0,0,0,0,0,0
a3766bda-4563-4283-8004-7af2debd3655,08.30_38.xlsx,2,1,0,0,0,0,0
ab7c854c-8cc3-4332-b4de-1a62864892fe,1e2f2d74563b4f5b9656fd5ef5a0cdfe-eec4cbf1be904f0a97f9e313a9148981-1787837672786_Model_v12.redacted-hygiene.xlsx,2,0,0,0,0,0,0
d47f7ffd-4091-4e71-8bea-638a378d77f5,08.29_23.xlsx,2,0,0,0,0,0,0
d48850fc-bd27-4d01-9f8f-fc97ff177512,67a096b37c834314a60bd00b6b3d9747-4aa8fec5331e434e826a80ddaef074cb-1788047860884_HighPoint_-_SCA_Pro_Forma_Framework_v4.323.redacted-hygiene.xlsx,2,1,0,0,0,0,0
db284cfb-1424-4c28-be2b-1d9591c516bf,1b19a3b64cd64abf9ac2dd45e480b911-e3e2145ac8f948589c3106e035066670-1788030729261_26_08_27_-_Surgery_Center_of_Des_Moines_-_PF_v3.redacted-hygiene.xlsx,2,2,0,0,0,0,0
e4231e1c-a782-49e1-9201-85aac4d7ba37,08.31_78.xlsx,2,1,0,0,0,0,0
f55bf7ee-87e6-4f78-80e1-fc380b1d7f49,08.27_147.xlsx,2,0,0,0,0,0,0
0305a72c-dda8-48ed-8251-8af8ff8f6b96,08.29_160.xlsx,2,0,0,0,0,0,0
ed37b925-82e0-463c-9fed-311abdd155c3,08.31_50.xlsx,1,2,0,0,0,0,0
779da171-31b6-4e6f-9136-f8ac01e3e24c,08.31_16.xlsx,1,0,0,0,0,0,0
f4274f97-7bce-4929-807e-0cb95a5f3ffd,08.31_39.xlsx,1,2,0,0,0,0,0
6f17e9b8-5758-4970-8cb4-a7aaa66f6e2d,08.26_86.xlsx,1,0,0,0,0,0,0
fbda2574-a359-4600-8fcd-c322fa5bb20e,08.27_141.xlsx,1,1,0,0,0,0,0
5359331d-71f8-4cf0-b71f-bf731380f418,08.27_139.xlsx,1,4,0,0,0,0,0
3fe41229-0f25-4ff2-b31a-584ea06d9c2f,08.31_82.xlsx,1,0,0,0,0,0,0
ceb298e6-3e8a-432e-ae8b-52c6eaf34e2e,08.26_161.xlsx,1,0,0,0,0,0,0
14f00511-28d7-47ad-9a18-afc13c9037ed,08.29_20.xlsx,1,0,0,0,0,0,0
